"STATION","DATE","SOURCE","LATITUDE","LONGITUDE","ELEVATION","NAME","REPORT_TYPE","CALL_SIGN","QUALITY_CONTROL","WND","CIG","VIS","TMP","DEW","SLP","AA1","AA2","MA1","MD1","REM","EQD"
"06009099999","2023-01-01T00:00:00","4","61.4","-6.6666666","102.0","AKRABERG, DA","FM-12","99999","V020","999,9,V,0010,1","99999,9,9,N","999999,9,9,9","+0022,1","-0041,1","09974,1","01,0700,3,2","03,0000,9,2","99999,9,09875,1","4,1,999,9,+999,9","SYN06406009 069// /9902 10022 21041 39875 49974 54/// 60705 333 60007=",
"06009099999","2023-01-01T03:00:00","4","61.4","-6.6666666","102.0","AKRABERG, DA","FM-12","99999","V020","999,9,V,0010,1","99999,9,9,N","999999,9,9,9","+0030,1","-0046,1","09957,1","01,0700,3,2","03,0000,9,2","99999,9,09859,1","7,1,999,9,+999,9","SYN06406009 069// /9902 10030 21046 39859 49957 57/// 60705 333 60007=",
"06009099999","2023-01-01T06:00:00","4","61.4","-6.6666666","102.0","AKRABERG, DA","FM-12","99999","V020","999,9,V,0010,1","99999,9,9,N","999999,9,9,9","+0039,1","-0033,1","09946,1","01,0700,3,2","03,0000,9,2","99999,9,09848,1","8,1,999,9,+999,9","SYN06406009 069// /9902 10039 21033 39848 49946 58/// 60705 333 60007=",
"06009099999","2023-01-01T09:00:00","4","61.4","-6.6666666","102.0","AKRABERG, DA","FM-12","99999","V020","999,9,V,0010,1","99999,9,9,N","999999,9,9,9","+0040,1","-0028,1","09954,1","01,0700,3,2","03,0000,9,2","99999,9,09856,1","2,1,999,9,+999,9","SYN06406009 069// /9902 10040 21028 39856 49954 52/// 60705 333 60007=",
"06009099999","2023-01-01T12:00:00","4","61.4","-6.6666666","102.0","AKRABERG, DA","FM-12","99999","V020","999,9,V,0010,1","99999,9,9,N","999999,9,9,9","+0048,1","-0006,1","09949,1","01,0700,3,2","03,0000,9,2","99999,9,09852,1","7,1,999,9,+999,9","SYN06406009 069// /9902 10048 21006 39852 49949 57/// 60705 333 60007=",
"06009099999","2023-01-01T15:00:00","4","61.4","-6.6666666","102.0","AKRABERG, DA","FM-12","99999","V020","999,9,V,0010,1","99999,9,9,N","999999,9,9,9","+0024,1","+0018,1","09967,1","01,0700,3,2","03,0000,9,2","99999,9,09868,1","3,1,999,9,+999,9","SYN06406009 069// /9902 10024 20018 39868 49967 53/// 60705 333 60007=",
"06009099999","2023-01-01T18:00:00","4","61.4","-6.6666666","102.0","AKRABERG, DA","FM-12","99999","V020","999,9,V,0010,1","99999,9,9,N","999999,9,9,9","+0024,1","+0013,1","09986,1","01,0700,3,2","03,0000,9,2","99999,9,09888,1","3,1,999,9,+999,9","SYN06406009 069// /9902 10024 20013 39888 49986 53/// 60705 333 60007=",
"06009099999","2023-01-01T21:00:00","4","61.4","-6.6666666","102.0","AKRABERG, DA","FM-12","99999","V020","999,9,V,0010,1","99999,9,9,N","999999,9,9,9","+0040,1","-0013,1","10003,1","01,0700,3,2","03,0000,9,2","99999,9,09905,1","2,1,999,9,+999,9","SYN06406009 069// /9902 10040 21013 39905 40003 52/// 60705 333 60007=",
"06009099999","2023-01-02T00:00:00","4","61.4","-6.6666666","102.0","AKRABERG, DA","FM-12","99999","V020","999,9,V,0010,1","99999,9,9,N","999999,9,9,9","+0034,1","-0030,1","10020,1","01,0700,3,2","06,0008,3,2","99999,9,09921,1","2,1,999,9,+999,9","SYN06406009 069// /9902 10034 21030 39921 40020 52/// 60705 333 69981=",
"06009099999","2023-01-02T03:00:00","4","61.4","-6.6666666","102.0","AKRABERG, DA","FM-12","99999","V020","999,9,V,0010,1","99999,9,9,N","999999,9,9,9","+0036,1","-0048,1","10033,1",,,"99999,9,09934,1","2,1,999,9,+999,9","SYN04806009 469// /9902 10036 21048 39934 40033 52///=",
"06009099999","2023-01-02T06:00:00","4","61.4","-6.6666666","102.0","AKRABERG, DA","FM-12","99999","V020","999,9,V,0010,1","99999,9,9,N","999999,9,9,9","+0033,1","-0034,1","10041,1","01,0700,3,2","03,0000,9,2","99999,9,09942,1","2,1,999,9,+999,9","SYN06406009 069// /9902 10033 21034 39942 40041 52/// 60705 333 60007=",
"06009099999","2023-01-02T09:00:00","4","61.4","-6.6666666","102.0","AKRABERG, DA","FM-12","99999","V020","999,9,V,0010,1","99999,9,9,N","999999,9,9,9","+0036,1","+0007,1","10051,1","01,0700,3,2","03,0000,9,2","99999,9,09953,1","2,1,999,9,+999,9","SYN06406009 069// /9902 10036 20007 39953 40051 52/// 60705 333 60007=",
"06009099999","2023-01-02T12:00:00","4","61.4","-6.6666666","102.0","AKRABERG, DA","FM-12","99999","V020","999,9,V,0010,1","99999,9,9,N","999999,9,9,9","+0026,1","+0006,1","10066,1","01,0700,3,2","03,0000,9,2","99999,9,09966,1","2,1,999,9,+999,9","SYN06406009 069// /9902 10026 20006 39966 40066 52/// 60705 333 60007=",
"06009099999","2023-01-02T15:00:00","4","61.4","-6.6666666","102.0","AKRABERG, DA","FM-12","99999","V020","999,9,V,0010,1","99999,9,9,N","999999,9,9,9","+0035,1","+0008,1","10067,1","01,0700,3,2","03,0000,9,2","99999,9,09968,1","2,1,999,9,+999,9","SYN06406009 069// /9902 10035 20008 39968 40067 52/// 60705 333 60007=",
"06009099999","2023-01-02T18:00:00","4","61.4","-6.6666666","102.0","AKRABERG, DA","FM-12","99999","V020","999,9,V,0010,1","99999,9,9,N","999999,9,9,9","+0040,1","+0010,1","10071,1","01,0700,3,2","03,0000,9,2","99999,9,09972,1","2,1,999,9,+999,9","SYN06406009 069// /9902 10040 20010 39972 40071 52/// 60705 333 60007=",
"06009099999","2023-01-02T21:00:00","4","61.4","-6.6666666","102.0","AKRABERG, DA","FM-12","99999","V020","999,9,V,0010,1","99999,9,9,N","999999,9,9,9","+0048,1","+0012,1","10072,1","01,0700,3,2","03,0000,9,2","99999,9,09973,1",,"SYN06406009 069// /9902 10048 20012 39973 40072 50/// 60705 333 60007=",
"06009099999","2023-01-03T00:00:00","4","61.4","-6.6666666","102.0","AKRABERG, DA","FM-12","99999","V020","999,9,V,0010,1","99999,9,9,N","999999,9,9,9","+0061,1","+0018,1","10060,1","01,0700,3,2","03,0000,9,2","99999,9,09962,1","7,1,999,9,+999,9","SYN06406009 069// /9902 10061 20018 39962 40060 57/// 60705 333 60007=",
"06009099999","2023-01-03T03:00:00","4","61.4","-6.6666666","102.0","AKRABERG, DA","FM-12","99999","V020","999,9,V,0010,1","99999,9,9,N","999999,9,9,9","+0066,1","+0030,1","10042,1","01,0700,3,2","03,0000,9,2","99999,9,09945,1","7,1,999,9,+999,9","SYN06406009 069// /9902 10066 20030 39945 40042 57/// 60705 333 60007=",
"06009099999","2023-01-03T06:00:00","4","61.4","-6.6666666","102.0","AKRABERG, DA","FM-12","99999","V020","999,9,V,0010,1","99999,9,9,N","999999,9,9,9","+0070,1","+0034,1","10018,1","01,0700,3,2","03,0000,9,2","99999,9,09921,1","7,1,999,9,+999,9","SYN06406009 069// /9902 10070 20034 39921 40018 57/// 60705 333 60007=",
"06009099999","2023-01-03T09:00:00","4","61.4","-6.6666666","102.0","AKRABERG, DA","FM-12","99999","V020","999,9,V,0010,1","99999,9,9,N","999999,9,9,9","+0067,1","+0031,1","09994,1","01,0700,3,2","03,0000,9,2","99999,9,09897,1","7,1,999,9,+999,9","SYN06406009 069// /9902 10067 20031 39897 49994 57/// 60705 333 60007=",
"06009099999","2023-01-03T12:00:00","4","61.4","-6.6666666","102.0","AKRABERG, DA","FM-12","99999","V020","999,9,V,0010,1","99999,9,9,N","999999,9,9,9","+0064,1","+0032,1","09973,1","01,0700,3,2","03,0000,9,2","99999,9,09876,1","7,1,999,9,+999,9","SYN06406009 069// /9902 10064 20032 39876 49973 57/// 60705 333 60007=",
"06009099999","2023-01-03T15:00:00","4","61.4","-6.6666666","102.0","AKRABERG, DA","FM-12","99999","V020","999,9,V,0010,1","99999,9,9,N","999999,9,9,9","+0057,1","+0047,1","09949,1","01,0700,3,2","03,0000,9,2","99999,9,09852,1","7,1,999,9,+999,9","SYN06406009 069// /9902 10057 20047 39852 49949 57/// 60705 333 60007=",
"06009099999","2023-01-03T18:00:00","4","61.4","-6.6666666","102.0","AKRABERG, DA","FM-12","99999","V020","999,9,V,0010,1","99999,9,9,N","999999,9,9,9","+0068,1","+0064,1","09939,1","01,0700,3,2","03,0000,9,2","99999,9,09842,1","6,1,999,9,+999,9","SYN06406009 069// /9902 10068 20064 39842 49939 56/// 60705 333 60007=",
"06009099999","2023-01-03T21:00:00","4","61.4","-6.6666666","102.0","AKRABERG, DA","FM-12","99999","V020","999,9,V,0010,1","99999,9,9,N","999999,9,9,9","+0072,1","+0060,1","09942,1","03,0000,9,1",,"99999,9,09845,1","2,1,999,9,+999,9","SYN05406009 169// /9902 10072 20060 39845 49942 52/// 60007=",
"06009099999","2023-01-04T00:00:00","4","61.4","-6.6666666","102.0","AKRABERG, DA","FM-12","99999","V020","999,9,V,0010,1","99999,9,9,N","999999,9,9,9","+0066,1","+0062,1","09942,1","01,0700,3,2","03,0000,9,2","99999,9,09845,1","4,1,999,9,+999,9","SYN06406009 069// /9902 10066 20062 39845 49942 54/// 60705 333 60007=",
"06009099999","2023-01-04T03:00:00","4","61.4","-6.6666666","102.0","AKRABERG, DA","FM-12","99999","V020","999,9,V,0010,1","99999,9,9,N","999999,9,9,9","+0067,1","+0057,1","09943,1","01,0700,3,2","03,0000,9,2","99999,9,09847,1","2,1,999,9,+999,9","SYN06406009 069// /9902 10067 20057 39847 49943 52/// 60705 333 60007=",
"06009099999","2023-01-04T06:00:00","4","61.4","-6.6666666","102.0","AKRABERG, DA","FM-12","99999","V020","999,9,V,0010,1","99999,9,9,N","999999,9,9,9","+0066,1","+0055,1","09941,1","01,0700,3,2","03,0000,9,2","99999,9,09845,1","7,1,999,9,+999,9","SYN06406009 069// /9902 10066 20055 39845 49941 57/// 60705 333 60007=",
"06009099999","2023-01-04T09:00:00","4","61.4","-6.6666666","102.0","AKRABERG, DA","FM-12","99999","V020","999,9,V,0010,1","99999,9,9,N","999999,9,9,9","+0060,1","+0045,1","09955,1","01,0700,3,2","03,0000,9,2","99999,9,09858,1","2,1,999,9,+999,9","SYN06406009 069// /9902 10060 20045 39858 49955 52/// 60705 333 60007=",
"06009099999","2023-01-04T12:00:00","4","61.4","-6.6666666","102.0","AKRABERG, DA","FM-12","99999","V020","999,9,V,0010,1","99999,9,9,N","999999,9,9,9","+0064,1","+0045,1","09968,1","01,0700,3,2","03,0000,9,2","99999,9,09871,1","2,1,999,9,+999,9","SYN06406009 069// /9902 10064 20045 39871 49968 52/// 60705 333 60007=",
"06009099999","2023-01-04T15:00:00","4","61.4","-6.6666666","102.0","AKRABERG, DA","FM-12","99999","V020","999,9,V,0010,1","99999,9,9,N","999999,9,9,9","+0050,1","+0024,1","09984,1","01,0700,3,2","03,0000,9,2","99999,9,09886,1","2,1,999,9,+999,9","SYN06406009 069// /9902 10050 20024 39886 49984 52/// 60705 333 60007=",
"06009099999","2023-01-04T18:00:00","4","61.4","-6.6666666","102.0","AKRABERG, DA","FM-12","99999","V020","999,9,V,0010,1","99999,9,9,N","999999,9,9,9","+0050,1","+0011,1","10008,1","01,0700,3,2","03,0000,9,2","99999,9,09910,1","3,1,999,9,+999,9","SYN06406009 069// /9902 10050 20011 39910 40008 53/// 60705 333 60007=",
"06009099999","2023-01-04T21:00:00","4","61.4","-6.6666666","102.0","AKRABERG, DA","FM-12","99999","V020","999,9,V,0010,1","99999,9,9,N","999999,9,9,9","+0050,1","-0008,1","10024,1","01,0700,3,2","03,0000,9,2","99999,9,09926,1","1,1,999,9,+999,9","SYN06406009 069// /9902 10050 21008 39926 40024 51/// 60705 333 60007=",
"06009099999","2023-01-05T00:00:00","4","61.4","-6.6666666","102.0","AKRABERG, DA","FM-12","99999","V020","999,9,V,0010,1","99999,9,9,N","999999,9,9,9","+0053,1","-0005,1","10040,1","01,0700,3,2","03,0000,9,2","99999,9,09942,1","2,1,999,9,+999,9","SYN06406009 069// /9902 10053 21005 39942 40040 52/// 60705 333 60007=",
"06009099999","2023-01-05T03:00:00","4","61.4","-6.6666666","102.0","AKRABERG, DA","FM-12","99999","V020","999,9,V,0010,1","99999,9,9,N","999999,9,9,9","+0055,1","-0004,1","10045,1","01,0700,3,2","03,0000,9,2","99999,9,09947,1","2,1,999,9,+999,9","SYN06406009 069// /9902 10055 21004 39947 40045 52/// 60705 333 60007=",
"06009099999","2023-01-05T06:00:00","4","61.4","-6.6666666","102.0","AKRABERG, DA","FM-12","99999","V020","999,9,V,0010,1","99999,9,9,N","999999,9,9,9","+0053,1","+0020,1","10042,1","01,0700,3,2","03,0000,9,2","99999,9,09944,1","7,1,999,9,+999,9","SYN06406009 069// /9902 10053 20020 39944 40042 57/// 60705 333 60007=",
"06009099999","2023-01-05T09:00:00","4","61.4","-6.6666666","102.0","AKRABERG, DA","FM-12","99999","V020","999,9,V,0010,1","99999,9,9,N","999999,9,9,9","+0045,1","+0045,1","10043,1","01,0700,3,2","03,0000,9,2","99999,9,09944,1","4,1,999,9,+999,9","SYN06406009 069// /9902 10045 20045 39944 40043 54/// 60705 333 60007=",
"06009099999","2023-01-05T12:00:00","4","61.4","-6.6666666","102.0","AKRABERG, DA","FM-12","99999","V020","999,9,V,0010,1","99999,9,9,N","999999,9,9,9","+0052,1","+0040,1","10029,1","01,0700,3,2","03,0000,9,2","99999,9,09931,1","8,1,999,9,+999,9","SYN06406009 069// /9902 10052 20040 39931 40029 58/// 60705 333 60007=",
"06009099999","2023-01-05T15:00:00","4","61.4","-6.6666666","102.0","AKRABERG, DA","FM-12","99999","V020","999,9,V,0010,1","99999,9,9,N","999999,9,9,9","+0051,1","+0036,1","09994,1","01,0700,3,2","03,0000,9,2","99999,9,09897,1","8,1,999,9,+999,9","SYN06406009 069// /9902 10051 20036 39897 49994 58/// 60705 333 60007=",
"06009099999","2023-01-05T18:00:00","4","61.4","-6.6666666","102.0","AKRABERG, DA","FM-12","99999","V020","999,9,V,0010,1","99999,9,9,N","999999,9,9,9","+0051,1","+0021,1","09945,1","01,0700,3,2","03,0000,9,2","99999,9,09848,1","8,1,999,9,+999,9","SYN06406009 069// /9902 10051 20021 39848 49945 58/// 60705 333 60007=",
"06009099999","2023-01-05T21:00:00","4","61.4","-6.6666666","102.0","AKRABERG, DA","FM-12","99999","V020","999,9,V,0010,1","99999,9,9,N","999999,9,9,9","+0046,1","+0021,1","09887,1","01,0700,3,2","03,0000,9,2","99999,9,09790,1","8,1,999,9,+999,9","SYN06406009 069// /9902 10046 20021 39790 49887 58/// 60705 333 60007=",
"06009099999","2023-01-06T00:00:00","4","61.4","-6.6666666","102.0","AKRABERG, DA","FM-12","99999","V020","999,9,V,0010,1","99999,9,9,N","999999,9,9,9","+0044,1","+0041,1","09823,1","01,0700,3,2","03,0000,9,2","99999,9,09726,1","8,1,999,9,+999,9","SYN06406009 069// /9902 10044 20041 39726 49823 58/// 60705 333 60007=",
"06009099999","2023-01-06T03:00:00","4","61.4","-6.6666666","102.0","AKRABERG, DA","FM-12","99999","V020","999,9,V,0010,1","99999,9,9,N","999999,9,9,9","+0049,1","+0048,1","09783,2","03,0000,9,1",,"99999,9,09687,2","7,1,999,9,+999,9","SYN05406009 169// /9902 10049 20048 39687 49783 57/// 60007=",
"06009099999","2023-01-06T06:00:00","4","61.4","-6.6666666","102.0","AKRABERG, DA","FM-12","99999","V020","999,9,V,0010,1","99999,9,9,N","999999,9,9,9","+0049,1","+0044,1","09796,1","01,0700,3,2","12,0004,3,2","99999,9,09700,1","3,1,999,9,+999,9","SYN06406009 069// /9902 10049 20044 39700 49796 53/// 60705 333 69942=",
"06009099999","2023-01-06T09:00:00","4","61.4","-6.6666666","102.0","AKRABERG, DA","FM-12","99999","V020","999,9,V,0010,1","99999,9,9,N","999999,9,9,9","+0041,1","+0033,1","09842,1",,,"99999,9,09745,1","2,1,999,9,+999,9","SYN04806009 469// /9902 10041 20033 39745 49842 52///=",
"06009099999","2023-01-06T12:00:00","4","61.4","-6.6666666","102.0","AKRABERG, DA","FM-12","99999","V020","999,9,V,0010,1","99999,9,9,N","999999,9,9,9","+0046,1","+0015,1","09888,1","01,0700,3,2","06,0002,3,2","99999,9,09791,1","1,1,999,9,+999,9","SYN06406009 069// /9902 10046 20015 39791 49888 51/// 60705 333 69921=",
"06009099999","2023-01-06T15:00:00","4","61.4","-6.6666666","102.0","AKRABERG, DA","FM-12","99999","V020","999,9,V,0010,1","99999,9,9,N","999999,9,9,9","+0038,1","+0001,1","09908,1",,,"99999,9,09811,1","2,1,999,9,+999,9","SYN04806009 469// /9902 10038 20001 39811 49908 52///=",
"06009099999","2023-01-06T18:00:00","4","61.4","-6.6666666","102.0","AKRABERG, DA","FM-12","99999","V020","999,9,V,0010,1","99999,9,9,N","999999,9,9,9","+0028,1","-0015,1","09923,1","01,0700,3,2","03,0000,9,2","99999,9,09825,1",,"SYN06406009 069// /9902 10028 21015 39825 49923 50/// 60705 333 60007=",
"06009099999","2023-01-06T21:00:00","4","61.4","-6.6666666","102.0","AKRABERG, DA","FM-12","99999","V020","999,9,V,0010,1","99999,9,9,N","999999,9,9,9","+0034,1","-0031,1","09929,1","01,0700,3,2","03,0000,9,2","99999,9,09832,1",,"SYN06406009 069// /9902 10034 21031 39832 49929 50/// 60705 333 60007=",
"06009099999","2023-01-07T00:00:00","4","61.4","-6.6666666","102.0","AKRABERG, DA","FM-12","99999","V020","999,9,V,0010,1","99999,9,9,N","999999,9,9,9","+0038,1","-0015,1","09916,1","01,0700,3,2","03,0000,9,2","99999,9,09819,1","8,1,999,9,+999,9","SYN06406009 069// /9902 10038 21015 39819 49916 58/// 60705 333 60007=",
"06009099999","2023-01-07T03:00:00","4","61.4","-6.6666666","102.0","AKRABERG, DA","FM-12","99999","V020","999,9,V,0010,1","99999,9,9,N","999999,9,9,9","+0052,1","+0025,1","09880,1","01,0700,3,2","03,0000,9,2","99999,9,09784,1","8,1,999,9,+999,9","SYN06406009 069// /9902 10052 20025 39784 49880 58/// 60705 333 60007=",
"06009099999","2023-01-07T06:00:00","4","61.4","-6.6666666","102.0","AKRABERG, DA","FM-12","99999","V020","999,9,V,0010,1","99999,9,9,N","999999,9,9,9","+0067,1","+0049,1","09849,1","01,0700,3,2","03,0000,9,2","99999,9,09754,1","7,1,999,9,+999,9","SYN06406009 069// /9902 10067 20049 39754 49849 57/// 60705 333 60007=",
"06009099999","2023-01-07T09:00:00","4","61.4","-6.6666666","102.0","AKRABERG, DA","FM-12","99999","V020","999,9,V,0010,1","99999,9,9,N","999999,9,9,9","+0068,1","+0066,1","09821,1","01,0700,3,2","03,0000,9,2","99999,9,09726,1","7,1,999,9,+999,9","SYN06406009 069// /9902 10068 20066 39726 49821 57/// 60705 333 60007=",
"06009099999","2023-01-07T12:00:00","4","61.4","-6.6666666","102.0","AKRABERG, DA","FM-12","99999","V020","999,9,V,0010,1","99999,9,9,N","999999,9,9,9","+0063,1","+0029,1","09798,1","01,0700,3,2","06,0008,3,2","99999,9,09703,1","6,1,999,9,+999,9","SYN06406009 069// /9902 10063 20029 39703 49798 56/// 60705 333 69981=",
"06009099999","2023-01-07T15:00:00","4","61.4","-6.6666666","102.0","AKRABERG, DA","FM-12","99999","V020","999,9,V,0010,1","99999,9,9,N","999999,9,9,9","+0055,1","+0035,1","09775,1",,,"99999,9,09680,1","7,1,999,9,+999,9","SYN04806009 469// /9902 10055 20035 39680 49775 57///=",
"06009099999","2023-01-07T18:00:00","4","61.4","-6.6666666","102.0","AKRABERG, DA","FM-12","99999","V020","999,9,V,0010,1","99999,9,9,N","999999,9,9,9","+0057,1","+0047,1","09754,1","01,0700,3,2","03,0000,9,2","99999,9,09659,1","7,1,999,9,+999,9","SYN06406009 069// /9902 10057 20047 39659 49754 57/// 60705 333 60007=",
"06009099999","2023-01-07T21:00:00","4","61.4","-6.6666666","102.0","AKRABERG, DA","FM-12","99999","V020","999,9,V,0010,1","99999,9,9,N","999999,9,9,9","+0062,1","+0034,1","09733,1","03,0000,9,1",,"99999,9,09638,1","8,1,999,9,+999,9","SYN05406009 169// /9902 10062 20034 39638 49733 58/// 60007=",
"06009099999","2023-01-08T00:00:00","4","61.4","-6.6666666","102.0","AKRABERG, DA","FM-12","99999","V020","999,9,V,0010,1","99999,9,9,N","999999,9,9,9","+0064,1","+0050,1","09700,1","01,0700,3,2","03,0000,9,2","99999,9,09606,1","7,1,999,9,+999,9","SYN06406009 069// /9902 10064 20050 39606 49700 57/// 60705 333 60007=",
"06009099999","2023-01-08T03:00:00","4","61.4","-6.6666666","102.0","AKRABERG, DA","FM-12","99999","V020","999,9,V,0010,1","99999,9,9,N","999999,9,9,9","+0064,1","+0046,1","09677,1","01,0700,3,2","03,0000,9,2","99999,9,09583,1","6,1,999,9,+999,9","SYN06406009 069// /9902 10064 20046 39583 49677 56/// 60705 333 60007=",
"06009099999","2023-01-08T06:00:00","4","61.4","-6.6666666","102.0","AKRABERG, DA","FM-12","99999","V020","999,9,V,0010,1","99999,9,9,N","999999,9,9,9","+0069,1","+0050,1","09657,1","01,0700,3,2","03,0000,9,2","99999,9,09563,1","6,1,999,9,+999,9","SYN06406009 069// /9902 10069 20050 39563 49657 56/// 60705 333 60007=",
"06009099999","2023-01-08T09:00:00","4","61.4","-6.6666666","102.0","AKRABERG, DA","FM-12","99999","V020","999,9,V,0010,1","99999,9,9,N","999999,9,9,9","+0071,1","+0047,1","09652,1","01,0700,3,2","03,0000,9,2","99999,9,09558,1","5,1,999,9,+999,9","SYN06406009 069// /9902 10071 20047 39558 49652 55/// 60705 333 60007=",
"06009099999","2023-01-08T12:00:00","4","61.4","-6.6666666","102.0","AKRABERG, DA","FM-12","99999","V020","999,9,V,0010,1","99999,9,9,N","999999,9,9,9","+0054,1","+0029,1","09648,1","01,0700,3,2","03,0000,9,2","99999,9,09553,1","8,1,999,9,+999,9","SYN06406009 069// /9902 10054 20029 39553 49648 58/// 60705 333 60007=",
"06009099999","2023-01-08T15:00:00","4","61.4","-6.6666666","102.0","AKRABERG, DA","FM-12","99999","V020","999,9,V,0010,1","99999,9,9,N","999999,9,9,9","+0052,1","+0032,1","09595,1","03,0000,9,1",,"99999,9,09501,1","6,1,999,9,+999,9","SYN05406009 169// /9902 10052 20032 39501 49595 56/// 60007=",
"06009099999","2023-01-08T18:00:00","4","61.4","-6.6666666","102.0","AKRABERG, DA","FM-12","99999","V020","999,9,V,0010,1","99999,9,9,N","999999,9,9,9","+0041,1","+0024,1","09609,1","01,0700,3,2","03,0000,9,2","99999,9,09515,1",,"SYN06406009 069// /9902 10041 20024 39515 49609 50/// 60705 333 60007=",
"06009099999","2023-01-08T21:00:00","4","61.4","-6.6666666","102.0","AKRABERG, DA","FM-12","99999","V020","999,9,V,0010,1","99999,9,9,N","999999,9,9,9","+0059,1","+0036,1","09630,1","03,0000,9,1",,"99999,9,09536,1","3,1,999,9,+999,9","SYN05406009 169// /9902 10059 20036 39536 49630 53/// 60007=",
"06009099999","2023-01-09T00:00:00","4","61.4","-6.6666666","102.0","AKRABERG, DA","FM-12","99999","V020","999,9,V,0010,1","99999,9,9,N","999999,9,9,9","+0069,1","+0034,1","09667,1","01,0700,3,2","03,0000,9,2","99999,9,09573,1","1,1,999,9,+999,9","SYN06406009 069// /9902 10069 20034 39573 49667 51/// 60705 333 60007=",
"06009099999","2023-01-09T03:00:00","4","61.4","-6.6666666","102.0","AKRABERG, DA","FM-12","99999","V020","999,9,V,0010,1","99999,9,9,N","999999,9,9,9","+0068,1","+0040,1","09697,1","01,0700,3,2","03,0000,9,2","99999,9,09603,1","2,1,999,9,+999,9","SYN06406009 069// /9902 10068 20040 39603 49697 52/// 60705 333 60007=",
"06009099999","2023-01-09T06:00:00","4","61.4","-6.6666666","102.0","AKRABERG, DA","FM-12","99999","V020","999,9,V,0010,1","99999,9,9,N","999999,9,9,9","+0068,1","+0046,1","09717,1","01,0700,3,2","03,0000,9,2","99999,9,09623,1","2,1,999,9,+999,9","SYN06406009 069// /9902 10068 20046 39623 49717 52/// 60705 333 60007=",
"06009099999","2023-01-09T09:00:00","4","61.4","-6.6666666","102.0","AKRABERG, DA","FM-12","99999","V020","999,9,V,0010,1","99999,9,9,N","999999,9,9,9","+0063,1","+0048,1","09745,1","01,0700,3,2","03,0000,9,2","99999,9,09650,1","2,1,999,9,+999,9","SYN06406009 069// /9902 10063 20048 39650 49745 52/// 60705 333 60007=",
"06009099999","2023-01-09T12:00:00","4","61.4","-6.6666666","102.0","AKRABERG, DA","FM-12","99999","V020","999,9,V,0010,1","99999,9,9,N","999999,9,9,9","+0067,1","+0031,1","09773,1","01,0700,3,2","03,0000,9,2","99999,9,09678,1","2,1,999,9,+999,9","SYN06406009 069// /9902 10067 20031 39678 49773 52/// 60705 333 60007=",
"06009099999","2023-01-09T15:00:00","4","61.4","-6.6666666","102.0","AKRABERG, DA","FM-12","99999","V020","999,9,V,0010,1","99999,9,9,N","999999,9,9,9","+0066,1","+0035,1","09793,1","01,0700,3,2","03,0000,9,2","99999,9,09698,1","2,1,999,9,+999,9","SYN06406009 069// /9902 10066 20035 39698 49793 52/// 60705 333 60007=",
"06009099999","2023-01-09T18:00:00","4","61.4","-6.6666666","102.0","AKRABERG, DA","FM-12","99999","V020","999,9,V,0010,1","99999,9,9,N","999999,9,9,9","+0066,1","+0027,1","09819,1","01,0700,3,2","03,0000,9,2","99999,9,09723,1","2,1,999,9,+999,9","SYN06406009 069// /9902 10066 20027 39723 49819 52/// 60705 333 60007=",
"06009099999","2023-01-09T21:00:00","4","61.4","-6.6666666","102.0","AKRABERG, DA","FM-12","99999","V020","999,9,V,0010,1","99999,9,9,N","999999,9,9,9","+0061,1","+0037,1","09838,1","01,0700,3,2","03,0000,9,2","99999,9,09742,1","1,1,999,9,+999,9","SYN06406009 069// /9902 10061 20037 39742 49838 51/// 60705 333 60007=",
"06009099999","2023-01-10T00:00:00","4","61.4","-6.6666666","102.0","AKRABERG, DA","FM-12","99999","V020","999,9,V,0010,1","99999,9,9,N","999999,9,9,9","+0063,1","+0040,1","09854,1","01,0700,3,2","03,0000,9,2","99999,9,09758,1","1,1,999,9,+999,9","SYN06406009 069// /9902 10063 20040 39758 49854 51/// 60705 333 60007=",
"06009099999","2023-01-10T03:00:00","4","61.4","-6.6666666","102.0","AKRABERG, DA","FM-12","99999","V020","999,9,V,0010,1","99999,9,9,N","999999,9,9,9","+0065,1","+0034,1","09870,1","01,0700,3,2","03,0000,9,2","99999,9,09774,1","1,1,999,9,+999,9","SYN06406009 069// /9902 10065 20034 39774 49870 51/// 60705 333 60007=",
"06009099999","2023-01-10T06:00:00","4","61.4","-6.6666666","102.0","AKRABERG, DA","FM-12","99999","V020","999,9,V,0010,1","99999,9,9,N","999999,9,9,9","+0059,1","+0032,1","09878,1","01,0700,3,2","12,0002,3,2","99999,9,09782,1","2,1,999,9,+999,9","SYN06406009 069// /9902 10059 20032 39782 49878 52/// 60705 333 69922=",
"06009099999","2023-03-01T18:00:00","4","61.4","-6.6666666","102.0","AKRABERG, DA","FM-12","99999","V020","999,9,V,0010,1","99999,9,9,N","999999,9,9,9","+0063,1","+0027,1","10379,1","01,0700,3,2","03,0000,9,2","99999,9,10278,1","7,1,999,9,+999,9","SYN06406009 069// /9902 10063 20027 30278 40379 57/// 60705 333 60007=",
"06009099999","2023-03-01T21:00:00","4","61.4","-6.6666666","102.0","AKRABERG, DA","FM-12","99999","V020","999,9,V,0010,1","99999,9,9,N","999999,9,9,9","+0054,1","+0035,1","10373,1","01,0700,3,2","03,0000,9,2","99999,9,10272,1","7,1,999,9,+999,9","SYN06406009 069// /9902 10054 20035 30272 40373 57/// 60705 333 60007=",
"06009099999","2023-03-02T00:00:00","4","61.4","-6.6666666","102.0","AKRABERG, DA","FM-12","99999","V020","999,9,V,0010,1","99999,9,9,N","999999,9,9,9","+0052,1","+0021,1","10358,1","01,0700,3,2","03,0000,9,2","99999,9,10257,1","7,1,999,9,+999,9","SYN06406009 069// /9902 10052 20021 30257 40358 57/// 60705 333 60007=",
"06009099999","2023-03-02T03:00:00","4","61.4","-6.6666666","102.0","AKRABERG, DA","FM-12","99999","V020","999,9,V,0010,1","99999,9,9,N","999999,9,9,9","+0053,1","+0009,1","10347,1","01,0700,3,2","03,0000,9,2","99999,9,10246,1","8,1,999,9,+999,9","SYN06406009 069// /9902 10053 20009 30246 40347 58/// 60705 333 60007=",
"06009099999","2023-03-02T06:00:00","4","61.4","-6.6666666","102.0","AKRABERG, DA","FM-12","99999","V020","999,9,V,0010,1","99999,9,9,N","999999,9,9,9","+0045,1","+0001,1","10339,1","01,0700,3,2","03,0000,9,2","99999,9,10238,1","7,1,999,9,+999,9","SYN06406009 069// /9902 10045 20001 30238 40339 57/// 60705 333 60007=",
"06009099999","2023-03-02T09:00:00","4","61.4","-6.6666666","102.0","AKRABERG, DA","FM-12","99999","V020","999,9,V,0010,1","99999,9,9,N","999999,9,9,9","+0050,1","-0003,1","10339,1","01,0700,3,2","03,0000,9,2","99999,9,10238,1","5,1,999,9,+999,9","SYN06406009 069// /9902 10050 21003 30238 40339 55/// 60705 333 60007=",
"06009099999","2023-03-02T12:00:00","4","61.4","-6.6666666","102.0","AKRABERG, DA","FM-12","99999","V020","999,9,V,0010,1","99999,9,9,N","999999,9,9,9","+0058,1","-0002,1","10333,1","01,0700,3,2","03,0000,9,2","99999,9,10233,1","8,1,999,9,+999,9","SYN06406009 069// /9902 10058 21002 30233 40333 58/// 60705 333 60007=",
"06009099999","2023-03-02T15:00:00","4","61.4","-6.6666666","102.0","AKRABERG, DA","FM-12","99999","V020","999,9,V,0010,1","99999,9,9,N","999999,9,9,9","+0063,1","+0010,1","10324,1","01,0700,3,2","03,0000,9,2","99999,9,10223,1","7,1,999,9,+999,9","SYN06406009 069// /9902 10063 20010 30223 40324 57/// 60705 333 60007=",
"06009099999","2023-03-02T18:00:00","4","61.4","-6.6666666","102.0","AKRABERG, DA","FM-12","99999","V020","999,9,V,0010,1","99999,9,9,N","999999,9,9,9","+0062,1","+0024,1","10321,1","01,0700,3,2","03,0000,9,2","99999,9,10220,1","7,1,999,9,+999,9","SYN06406009 069// /9902 10062 20024 30220 40321 57/// 60705 333 60007=",
"06009099999","2023-03-02T21:00:00","4","61.4","-6.6666666","102.0","AKRABERG, DA","FM-12","99999","V020","999,9,V,0010,1","99999,9,9,N","999999,9,9,9","+0066,1","+0029,1","10321,1","01,0700,3,2","03,0000,9,2","99999,9,10221,1","4,1,999,9,+999,9","SYN06406009 069// /9902 10066 20029 30221 40321 54/// 60705 333 60007=",
"06009099999","2023-03-03T09:00:00","4","61.4","-6.6666666","102.0","AKRABERG, DA","FM-12","99999","V020","999,9,V,0010,1","99999,9,9,N","999999,9,9,9","+0059,1","+0034,1","10313,1","01,0700,3,2","03,0000,9,2","99999,9,10213,1","4,1,999,9,+999,9","SYN06406009 069// /9902 10059 20034 30213 40313 54/// 60705 333 60007=",
"06009099999","2023-03-03T12:00:00","4","61.4","-6.6666666","102.0","AKRABERG, DA","FM-12","99999","V020","999,9,V,0010,1","99999,9,9,N","999999,9,9,9","+0069,1","+0038,1","10316,1","01,0700,3,2","03,0000,9,2","99999,9,10216,1","2,1,999,9,+999,9","SYN06406009 069// /9902 10069 20038 30216 40316 52/// 60705 333 60007=",
"06009099999","2023-03-03T15:00:00","4","61.4","-6.6666666","102.0","AKRABERG, DA","FM-12","99999","V020","999,9,V,0010,1","99999,9,9,N","999999,9,9,9","+0071,1","+0044,1","10309,1","01,0700,3,2","03,0000,9,2","99999,9,10209,1","7,1,999,9,+999,9","SYN06406009 069// /9902 10071 20044 30209 40309 57/// 60705 333 60007=",
"06009099999","2023-03-03T18:00:00","4","61.4","-6.6666666","102.0","AKRABERG, DA","FM-12","99999","V020","999,9,V,0010,1","99999,9,9,N","999999,9,9,9","+0039,1","+0010,1","10315,1","01,0700,3,2","03,0000,9,2","99999,9,10214,1","3,1,999,9,+999,9","SYN06406009 069// /9902 10039 20010 30214 40315 53/// 60705 333 60007=",
"06009099999","2023-03-03T21:00:00","4","61.4","-6.6666666","102.0","AKRABERG, DA","FM-12","99999","V020","999,9,V,0010,1","99999,9,9,N","999999,9,9,9","+0036,1","+0001,1","10322,1","01,0700,3,2","03,0000,9,2","99999,9,10220,1","2,1,999,9,+999,9","SYN06406009 069// /9902 10036 20001 30220 40322 52/// 60705 333 60007=",
"06009099999","2023-03-04T00:00:00","4","61.4","-6.6666666","102.0","AKRABERG, DA","FM-12","99999","V020","999,9,V,0010,1","99999,9,9,N","999999,9,9,9","+0033,1","-0011,1","10328,1","01,0700,3,2","03,0000,9,2","99999,9,10227,1","2,1,999,9,+999,9","SYN06406009 069// /9902 10033 21011 30227 40328 52/// 60705 333 60007=",
"06009099999","2023-03-04T03:00:00","4","61.4","-6.6666666","102.0","AKRABERG, DA","FM-12","99999","V020","999,9,V,0010,1","99999,9,9,N","999999,9,9,9","+0031,1","-0010,1","10320,1","01,0700,3,2","03,0000,9,2","99999,9,10219,1","7,1,999,9,+999,9","SYN06406009 069// /9902 10031 21010 30219 40320 57/// 60705 333 60007=",
"06009099999","2023-03-04T06:00:00","4","61.4","-6.6666666","102.0","AKRABERG, DA","FM-12","99999","V020","999,9,V,0010,1","99999,9,9,N","999999,9,9,9","+0033,1","-0003,1","10313,1","01,0700,3,2","03,0000,9,2","99999,9,10212,1","7,1,999,9,+999,9","SYN06406009 069// /9902 10033 21003 30212 40313 57/// 60705 333 60007=",
"06009099999","2023-03-04T09:00:00","4","61.4","-6.6666666","102.0","AKRABERG, DA","FM-12","99999","V020","999,9,V,0010,1","99999,9,9,N","999999,9,9,9","+0030,1","+0007,1","10308,1","01,0700,3,2","03,0000,9,2","99999,9,10207,1","7,1,999,9,+999,9","SYN06406009 069// /9902 10030 20007 30207 40308 57/// 60705 333 60007=",
"06009099999","2023-03-04T12:00:00","4","61.4","-6.6666666","102.0","AKRABERG, DA","FM-12","99999","V020","999,9,V,0010,1","99999,9,9,N","999999,9,9,9","+0037,1","+0018,1","10290,1","01,0700,3,2","03,0000,9,2","99999,9,10189,1","8,1,999,9,+999,9","SYN06406009 069// /9902 10037 20018 30189 40290 58/// 60705 333 60007=",
"06009099999","2023-03-04T15:00:00","4","61.4","-6.6666666","102.0","AKRABERG, DA","FM-12","99999","V020","999,9,V,0010,1","99999,9,9,N","999999,9,9,9","+0050,1","+0038,1","10260,1","01,0700,3,2","03,0000,9,2","99999,9,10160,1","7,1,999,9,+999,9","SYN06406009 069// /9902 10050 20038 30160 40260 57/// 60705 333 60007=",
"06009099999","2023-03-04T18:00:00","4","61.4","-6.6666666","102.0","AKRABERG, DA","FM-12","99999","V020","999,9,V,0010,1","99999,9,9,N","999999,9,9,9","+0046,1","+0036,1","10242,1","01,0700,3,2","12,0002,3,2","99999,9,10141,1","7,1,999,9,+999,9","SYN06406009 069// /9902 10046 20036 30141 40242 57/// 60705 333 69922=",
"06009099999","2023-03-04T21:00:00","4","61.4","-6.6666666","102.0","AKRABERG, DA","FM-12","99999","V020","999,9,V,0010,1","99999,9,9,N","999999,9,9,9","+0024,1","+0023,1","10236,1",,,"99999,9,10135,1","6,1,999,9,+999,9","SYN04806009 469// /9902 10024 20023 30135 40236 56///=",
"06009099999","2023-03-05T00:00:00","4","61.4","-6.6666666","102.0","AKRABERG, DA","FM-12","99999","V020","999,9,V,0010,1","99999,9,9,N","999999,9,9,9","+0021,1","+0009,1","10227,1","01,0700,3,2","06,0002,3,2","99999,9,10126,1","8,1,999,9,+999,9","SYN06406009 069// /9902 10021 20009 30126 40227 58/// 60705 333 69921=",
"06009099999","2023-03-05T03:00:00","4","61.4","-6.6666666","102.0","AKRABERG, DA","FM-12","99999","V020","999,9,V,0010,1","99999,9,9,N","999999,9,9,9","+0023,1","+0010,1","10213,1",,,"99999,9,10112,1","7,1,999,9,+999,9","SYN04806009 469// /9902 10023 20010 30112 40213 57///=",
"06009099999","2023-03-05T06:00:00","4","61.4","-6.6666666","102.0","AKRABERG, DA","FM-12","99999","V020","999,9,V,0010,1","99999,9,9,N","999999,9,9,9","+0027,1","-0005,1","10195,1","01,0700,3,2","03,0000,9,2","99999,9,10095,1","7,1,999,9,+999,9","SYN06406009 069// /9902 10027 21005 30095 40195 57/// 60705 333 60007=",
"06009099999","2023-03-05T09:00:00","4","61.4","-6.6666666","102.0","AKRABERG, DA","FM-12","99999","V020","999,9,V,0010,1","99999,9,9,N","999999,9,9,9","+0026,1","-0007,1","10188,1","01,0700,3,2","03,0000,9,2","99999,9,10088,1","7,1,999,9,+999,9","SYN06406009 069// /9902 10026 21007 30088 40188 57/// 60705 333 60007=",
"06009099999","2023-03-05T12:00:00","4","61.4","-6.6666666","102.0","AKRABERG, DA","FM-12","99999","V020","999,9,V,0010,1","99999,9,9,N","999999,9,9,9","+0033,1","+0004,1","10166,1","01,0700,3,2","03,0000,9,2","99999,9,10066,1","7,1,999,9,+999,9","SYN06406009 069// /9902 10033 20004 30066 40166 57/// 60705 333 60007=",
"06009099999","2023-03-05T15:00:00","4","61.4","-6.6666666","102.0","AKRABERG, DA","FM-12","99999","V020","999,9,V,0010,1","99999,9,9,N","999999,9,9,9","+0021,1","+0008,1","10132,1","01,0700,3,2","03,0000,9,2","99999,9,10032,1","6,1,999,9,+999,9","SYN06406009 069// /9902 10021 20008 30032 40132 56/// 60705 333 60007=",
"06009099999","2023-03-05T18:00:00","4","61.4","-6.6666666","102.0","AKRABERG, DA","FM-12","99999","V020","999,9,V,0010,1","99999,9,9,N","999999,9,9,9","+0015,1","+0003,1","10108,1","01,0700,3,2","12,0006,3,2","99999,9,10008,1","6,1,999,9,+999,9","SYN06406009 069// /9902 10015 20003 30008 40108 56/// 60705 333 69962=",
"06009099999","2023-03-05T21:00:00","4","61.4","-6.6666666","102.0","AKRABERG, DA","FM-12","99999","V020","999,9,V,0010,1","99999,9,9,N","999999,9,9,9","+0003,1","-0040,1","10111,1",,,"99999,9,10010,1","3,1,999,9,+999,9","SYN04806009 469// /9902 10003 21040 30010 40111 53///=",
"06009099999","2023-03-06T00:00:00","4","61.4","-6.6666666","102.0","AKRABERG, DA","FM-12","99999","V020","999,9,V,0010,1","99999,9,9,N","999999,9,9,9","-0008,1","-0040,1","10121,1","01,0700,3,2","03,0000,9,2","99999,9,10020,1","1,1,999,9,+999,9","SYN06406009 069// /9902 11008 21040 30020 40121 51/// 60705 333 60007=",
"06009099999","2023-03-06T03:00:00","4","61.4","-6.6666666","102.0","AKRABERG, DA","FM-12","99999","V020","999,9,V,0010,1","99999,9,9,N","999999,9,9,9","-0009,1","-0049,1","10118,1","01,0700,3,2","03,0000,9,2","99999,9,10017,1","8,1,999,9,+999,9","SYN06406009 069// /9902 11009 21049 30017 40118 58/// 60705 333 60007=",
"06009099999","2023-03-06T06:00:00","4","61.4","-6.6666666","102.0","AKRABERG, DA","FM-12","99999","V020","999,9,V,0010,1","99999,9,9,N","999999,9,9,9","-0017,1","-0078,1","10109,1","01,0700,3,2","03,0000,9,2","99999,9,10008,1","8,1,999,9,+999,9","SYN06406009 069// /9902 11017 21078 30008 40109 58/// 60705 333 60007=",
"06009099999","2023-03-06T09:00:00","4","61.4","-6.6666666","102.0","AKRABERG, DA","FM-12","99999","V020","999,9,V,0010,1","99999,9,9,N","999999,9,9,9","-0020,1","-0062,1","10110,1","01,0700,3,2","03,0000,9,2","99999,9,10009,1","4,1,999,9,+999,9","SYN06406009 069// /9902 11020 21062 30009 40110 54/// 60705 333 60007=",
"06009099999","2023-03-06T12:00:00","4","61.4","-6.6666666","102.0","AKRABERG, DA","FM-12","99999","V020","999,9,V,0010,1","99999,9,9,N","999999,9,9,9","-0014,1","-0050,1","10108,1","01,0700,3,2","03,0000,9,2","99999,9,10007,1","8,1,999,9,+999,9","SYN06406009 069// /9902 11014 21050 30007 40108 58/// 60705 333 60007=",
"06009099999","2023-03-06T15:00:00","4","61.4","-6.6666666","102.0","AKRABERG, DA","FM-12","99999","V020","999,9,V,0010,1","99999,9,9,N","999999,9,9,9","+0001,1","-0072,1","10096,1","01,0700,3,2","03,0000,9,2","99999,9,09995,1","8,1,999,9,+999,9","SYN06406009 069// /9902 10001 21072 39995 40096 58/// 60705 333 60007=",
"06009099999","2023-03-06T18:00:00","4","61.4","-6.6666666","102.0","AKRABERG, DA","FM-12","99999","V020","999,9,V,0010,1","99999,9,9,N","999999,9,9,9","-0009,1","-0051,1","10102,1","01,0700,3,2","03,0000,9,2","99999,9,10002,1","3,1,999,9,+999,9","SYN06406009 069// /9902 11009 21051 30002 40102 53/// 60705 333 60007=",
"06009099999","2023-03-06T21:00:00","4","61.4","-6.6666666","102.0","AKRABERG, DA","FM-12","99999","V020","999,9,V,0010,1","99999,9,9,N","999999,9,9,9","-0023,1","-0051,1","10101,1","03,0000,9,1",,"99999,9,10000,1","5,1,999,9,+999,9","SYN05406009 169// /9902 11023 21051 30000 40101 55/// 60007=",
"06009099999","2023-03-07T00:00:00","4","61.4","-6.6666666","102.0","AKRABERG, DA","FM-12","99999","V020","999,9,V,0010,1","99999,9,9,N","999999,9,9,9","-0021,1","-0067,1","10083,1","01,0700,3,2","03,0000,9,2","99999,9,09982,1","6,1,999,9,+999,9","SYN06406009 069// /9902 11021 21067 39982 40083 56/// 60705 333 60007=",
"06009099999","2023-03-07T03:00:00","4","61.4","-6.6666666","102.0","AKRABERG, DA","FM-12","99999","V020","999,9,V,0010,1","99999,9,9,N","999999,9,9,9","-0029,1","-0046,1","10056,1","01,0700,3,2","03,0000,9,2","99999,9,09955,1","8,1,999,9,+999,9","SYN06406009 069// /9902 11029 21046 39955 40056 58/// 60705 333 60007=",
"06009099999","2023-03-07T06:00:00","4","61.4","-6.6666666","102.0","AKRABERG, DA","FM-12","99999","V020","999,9,V,0010,1","99999,9,9,N","999999,9,9,9","-0023,1","-0063,1","10034,1","01,0700,3,2","03,0000,9,2","99999,9,09933,1","8,1,999,9,+999,9","SYN06406009 069// /9902 11023 21063 39933 40034 58/// 60705 333 60007=",
"06009099999","2023-03-07T09:00:00","4","61.4","-6.6666666","102.0","AKRABERG, DA","FM-12","99999","V020","999,9,V,0010,1","99999,9,9,N","999999,9,9,9","-0020,1","-0064,1","10027,1","03,0000,9,1",,"99999,9,09927,1","8,1,999,9,+999,9","SYN05406009 169// /9902 11020 21064 39927 40027 58/// 60007=",
"06009099999","2023-03-07T12:00:00","4","61.4","-6.6666666","102.0","AKRABERG, DA","FM-12","99999","V020","999,9,V,0010,1","99999,9,9,N","999999,9,9,9","-0009,1","-0083,1","10022,1","01,0700,3,2","03,0000,9,2","99999,9,09922,1","7,1,999,9,+999,9","SYN06406009 069// /9902 11009 21083 39922 40022 57/// 60705 333 60007=",
"06009099999","2023-03-07T15:00:00","4","61.4","-6.6666666","102.0","AKRABERG, DA","FM-12","99999","V020","999,9,V,0010,1","99999,9,9,N","999999,9,9,9","-0014,1","-0063,1","10018,1","03,0000,9,1",,"99999,9,09918,1","5,1,999,9,+999,9","SYN05406009 169// /9902 11014 21063 39918 40018 55/// 60007=",
"06009099999","2023-03-07T18:00:00","4","61.4","-6.6666666","102.0","AKRABERG, DA","FM-12","99999","V020","999,9,V,0010,1","99999,9,9,N","999999,9,9,9","-0014,1","-0055,1","10014,1","01,0700,3,2","03,0000,9,2","99999,9,09914,1","5,1,999,9,+999,9","SYN06406009 069// /9902 11014 21055 39914 40014 55/// 60705 333 60007=",
"06009099999","2023-03-07T21:00:00","4","61.4","-6.6666666","102.0","AKRABERG, DA","FM-12","99999","V020","999,9,V,0010,1","99999,9,9,N","999999,9,9,9","-0022,1","-0061,1","10011,1","03,0000,9,1",,"99999,9,09910,1","8,1,999,9,+999,9","SYN05406009 169// /9902 11022 21061 39910 40011 58/// 60007=",
"06009099999","2023-03-08T00:00:00","4","61.4","-6.6666666","102.0","AKRABERG, DA","FM-12","99999","V020","999,9,V,0010,1","99999,9,9,N","999999,9,9,9","-0011,1","-0053,1","10001,1","01,0700,3,2","03,0000,9,2","99999,9,09901,1","8,1,999,9,+999,9","SYN06406009 069// /9902 11011 21053 39901 40001 58/// 60705 333 60007=",
"06009099999","2023-03-08T03:00:00","4","61.4","-6.6666666","102.0","AKRABERG, DA","FM-12","99999","V020","999,9,V,0010,1","99999,9,9,N","999999,9,9,9","-0011,1","-0060,1","09992,1","01,0700,3,2","03,0000,9,2","99999,9,09892,1","7,1,999,9,+999,9","SYN06406009 069// /9902 11011 21060 39892 49992 57/// 60705 333 60007=",
"06009099999","2023-03-08T06:00:00","4","61.4","-6.6666666","102.0","AKRABERG, DA","FM-12","99999","V020","999,9,V,0010,1","99999,9,9,N","999999,9,9,9","-0028,1","-0029,1","09993,1","01,0700,3,2","12,0002,3,2","99999,9,09893,1","5,1,999,9,+999,9","SYN06406009 069// /9902 11028 21029 39893 49993 55/// 60705 333 69922=",
"06009099999","2023-03-08T09:00:00","4","61.4","-6.6666666","102.0","AKRABERG, DA","FM-12","99999","V020","999,9,V,0010,1","99999,9,9,N","999999,9,9,9","-0019,1","-0023,1","09997,1",,,"99999,9,09897,1","3,1,999,9,+999,9","SYN04806009 469// /9902 11019 21023 39897 49997 53///=",
"06009099999","2023-03-08T12:00:00","4","61.4","-6.6666666","102.0","AKRABERG, DA","FM-12","99999","V020","999,9,V,0010,1","99999,9,9,N","999999,9,9,9","+0007,1","-0080,1","09994,1","01,0700,3,2","06,0002,3,2","99999,9,09895,1","5,1,999,9,+999,9","SYN06406009 069// /9902 10007 21080 39895 49994 55/// 60705 333 69921=",
"06009099999","2023-03-08T15:00:00","4","61.4","-6.6666666","102.0","AKRABERG, DA","FM-12","99999","V020","999,9,V,0010,1","99999,9,9,N","999999,9,9,9","+0014,1","-0058,1","09991,1",,,"99999,9,09892,1","7,1,999,9,+999,9","SYN04806009 469// /9902 10014 21058 39892 49991 57///=",
"06009099999","2023-03-08T18:00:00","4","61.4","-6.6666666","102.0","AKRABERG, DA","FM-12","99999","V020","999,9,V,0010,1","99999,9,9,N","999999,9,9,9","-0002,1","-0029,1","09992,1","01,0700,3,2","12,0004,3,2","99999,9,09892,1","4,1,999,9,+999,9","SYN06406009 069// /9902 11002 21029 39892 49992 54/// 60705 333 69942=",
"06009099999","2023-03-08T21:00:00","4","61.4","-6.6666666","102.0","AKRABERG, DA","FM-12","99999","V020","999,9,V,0010,1","99999,9,9,N","999999,9,9,9","+0017,1","-0028,1","09990,1",,,"99999,9,09891,1",,"SYN04806009 469// /9902 10017 21028 39891 49990 50///=",
"06009099999","2023-03-09T00:00:00","4","61.4","-6.6666666","102.0","AKRABERG, DA","FM-12","99999","V020","999,9,V,0010,1","99999,9,9,N","999999,9,9,9","+0014,1","-0040,1","10006,1","01,0700,3,2","06,0002,3,2","99999,9,09907,1","3,1,999,9,+999,9","SYN06406009 069// /9902 10014 21040 39907 40006 53/// 60705 333 69921=",
"06009099999","2023-03-09T03:00:00","4","61.4","-6.6666666","102.0","AKRABERG, DA","FM-12","99999","V020","999,9,V,0010,1","99999,9,9,N","999999,9,9,9","+0008,1","-0075,1","10012,1",,,"99999,9,09913,1","1,1,999,9,+999,9","SYN04806009 469// /9902 10008 21075 39913 40012 51///=",
"06009099999","2023-03-09T06:00:00","4","61.4","-6.6666666","102.0","AKRABERG, DA","FM-12","99999","V020","999,9,V,0010,1","99999,9,9,N","999999,9,9,9","-0003,1","-0083,1","10016,1","01,0700,3,2","03,0000,9,2","99999,9,09917,1","2,1,999,9,+999,9","SYN06406009 069// /9902 11003 21083 39917 40016 52/// 60705 333 60007=",
"06009099999","2023-03-09T09:00:00","4","61.4","-6.6666666","102.0","AKRABERG, DA","FM-12","99999","V020","999,9,V,0010,1","99999,9,9,N","999999,9,9,9","-0007,1","-0062,1","10024,1","01,0700,3,2","03,0000,9,2","99999,9,09924,1","2,1,999,9,+999,9","SYN06406009 069// /9902 11007 21062 39924 40024 52/// 60705 333 60007=",
"06009099999","2023-03-09T21:00:00","4","61.4","-6.6666666","102.0","AKRABERG, DA","FM-12","99999","V020","999,9,V,0010,1","99999,9,9,N","999999,9,9,9","-0006,1","-0017,1","10019,1",,,"99999,9,09919,1",,"SYN04806009 469// /9902 11006 21017 39919 40019 50///=",
"06009099999","2023-03-10T00:00:00","4","61.4","-6.6666666","102.0","AKRABERG, DA","FM-12","99999","V020","999,9,V,0010,1","99999,9,9,N","999999,9,9,9","-0001,1","-0017,1","10019,1","01,0700,3,2","06,0002,3,2","99999,9,09919,1","7,1,999,9,+999,9","SYN06406009 069// /9902 11001 21017 39919 40019 57/// 60705 333 69921=",
"06009099999","2023-03-10T03:00:00","4","61.4","-6.6666666","102.0","AKRABERG, DA","FM-12","99999","V020","999,9,V,0010,1","99999,9,9,N","999999,9,9,9","+0002,1","-0056,1","10022,1",,,"99999,9,09922,1","2,1,999,9,+999,9","SYN04806009 469// /9902 10002 21056 39922 40022 52///=",
"06009099999","2023-03-10T06:00:00","4","61.4","-6.6666666","102.0","AKRABERG, DA","FM-12","99999","V020","999,9,V,0010,1","99999,9,9,N","999999,9,9,9","-0016,1","-0034,1","10028,1","01,0700,3,2","12,0002,3,2","99999,9,09927,1","2,1,999,9,+999,9","SYN06406009 069// /9902 11016 21034 39927 40028 52/// 60705 333 69922=",
"06009099999","2023-03-10T09:00:00","4","61.4","-6.6666666","102.0","AKRABERG, DA","FM-12","99999","V020","999,9,V,0010,1","99999,9,9,N","999999,9,9,9","-0016,1","-0064,1","10052,1",,,"99999,9,09952,1","3,1,999,9,+999,9","SYN04806009 469// /9902 11016 21064 39952 40052 53///=",
"06009099999","2023-03-10T12:00:00","4","61.4","-6.6666666","102.0","AKRABERG, DA","FM-12","99999","V020","999,9,V,0010,1","99999,9,9,N","999999,9,9,9","-0029,1","-0070,1","10065,1","01,0700,3,2","03,0000,9,2","99999,9,09963,1","2,1,999,9,+999,9","SYN06406009 069// /9902 11029 21070 39963 40065 52/// 60705 333 60007=",
"06009099999","2023-03-10T15:00:00","4","61.4","-6.6666666","102.0","AKRABERG, DA","FM-12","99999","V020","999,9,V,0010,1","99999,9,9,N","999999,9,9,9","-0027,1","-0109,1","10064,1","01,0700,3,2","03,0000,9,2","99999,9,09963,1","4,1,999,9,+999,9","SYN06406009 069// /9902 11027 21109 39963 40064 54/// 60705 333 60007=",
"06009099999","2023-03-10T18:00:00","4","61.4","-6.6666666","102.0","AKRABERG, DA","FM-12","99999","V020","999,9,V,0010,1","99999,9,9,N","999999,9,9,9","-0044,1","-0114,1","10069,1","01,0700,3,2","03,0000,9,2","99999,9,09967,1","2,1,999,9,+999,9","SYN06406009 069// /9902 11044 21114 39967 40069 52/// 60705 333 60007=",
"06009099999","2023-03-10T21:00:00","4","61.4","-6.6666666","102.0","AKRABERG, DA","FM-12","99999","V020","999,9,V,0010,1","99999,9,9,N","999999,9,9,9","-0045,1","-0105,1","10074,1","01,0700,3,2","03,0000,9,2","99999,9,09972,1","2,1,999,9,+999,9","SYN06406009 069// /9902 11045 21105 39972 40074 52/// 60705 333 60007=",
"06009099999","2023-03-11T00:00:00","4","61.4","-6.6666666","102.0","AKRABERG, DA","FM-12","99999","V020","999,9,V,0010,1","99999,9,9,N","999999,9,9,9","-0047,1","-0113,1","10073,1","01,0700,3,2","03,0000,9,2","99999,9,09971,1",,"SYN06406009 069// /9902 11047 21113 39971 40073 50/// 60705 333 60007=",
"06009099999","2023-03-11T03:00:00","4","61.4","-6.6666666","102.0","AKRABERG, DA","FM-12","99999","V020","999,9,V,0010,1","99999,9,9,N","999999,9,9,9","-0047,1","-0134,1","10074,1","01,0700,3,2","03,0000,9,2","99999,9,09972,1",,"SYN06406009 069// /9902 11047 21134 39972 40074 50/// 60705 333 60007=",
"06009099999","2023-03-11T06:00:00","4","61.4","-6.6666666","102.0","AKRABERG, DA","FM-12","99999","V020","999,9,V,0010,1","99999,9,9,N","999999,9,9,9","-0050,1","-0111,1","10072,1","01,0700,3,2","03,0000,9,2","99999,9,09970,1","5,1,999,9,+999,9","SYN06406009 069// /9902 11050 21111 39970 40072 55/// 60705 333 60007=",
"06009099999","2023-03-11T09:00:00","4","61.4","-6.6666666","102.0","AKRABERG, DA","FM-12","99999","V020","999,9,V,0010,1","99999,9,9,N","999999,9,9,9","-0044,1","-0115,1","10074,1","01,0700,3,2","03,0000,9,2","99999,9,09973,1","2,1,999,9,+999,9","SYN06406009 069// /9902 11044 21115 39973 40074 52/// 60705 333 60007=",
"06009099999","2023-03-11T12:00:00","4","61.4","-6.6666666","102.0","AKRABERG, DA","FM-12","99999","V020","999,9,V,0010,1","99999,9,9,N","999999,9,9,9","-0023,1","-0123,1","10071,1","01,0700,3,2","03,0000,9,2","99999,9,09970,1","8,1,999,9,+999,9","SYN06406009 069// /9902 11023 21123 39970 40071 58/// 60705 333 60007=",
"06009099999","2023-03-11T15:00:00","4","61.4","-6.6666666","102.0","AKRABERG, DA","FM-12","99999","V020","999,9,V,0010,1","99999,9,9,N","999999,9,9,9","-0035,1","-0099,1","10064,1","01,0700,3,2","03,0000,9,2","99999,9,09963,1","8,1,999,9,+999,9","SYN06406009 069// /9902 11035 21099 39963 40064 58/// 60705 333 60007=",
"06009099999","2023-03-11T18:00:00","4","61.4","-6.6666666","102.0","AKRABERG, DA","FM-12","99999","V020","999,9,V,0010,1","99999,9,9,N","999999,9,9,9","-0038,1","-0112,1","10046,1","01,0700,3,2","03,0000,9,2","99999,9,09945,1","7,1,999,9,+999,9","SYN06406009 069// /9902 11038 21112 39945 40046 57/// 60705 333 60007=",
"06009099999","2023-03-11T21:00:00","4","61.4","-6.6666666","102.0","AKRABERG, DA","FM-12","99999","V020","999,9,V,0010,1","99999,9,9,N","999999,9,9,9","-0038,1","-0054,1","10029,1","01,0700,3,2","03,0000,9,2","99999,9,09928,1","8,1,999,9,+999,9","SYN06406009 069// /9902 11038 21054 39928 40029 58/// 60705 333 60007=",
"06009099999","2023-03-12T00:00:00","4","61.4","-6.6666666","102.0","AKRABERG, DA","FM-12","99999","V020","999,9,V,0010,1","99999,9,9,N","999999,9,9,9","-0029,1","-0038,1","10000,1","01,0700,3,2","03,0000,9,2","99999,9,09899,1","8,1,999,9,+999,9","SYN06406009 069// /9902 11029 21038 39899 40000 58/// 60705 333 60007=",
"06009099999","2023-03-12T03:00:00","4","61.4","-6.6666666","102.0","AKRABERG, DA","FM-12","99999","V020","999,9,V,0010,1","99999,9,9,N","999999,9,9,9","-0025,1","-0025,1","09959,1","01,0700,3,2","03,0000,9,2","99999,9,09859,1","7,1,999,9,+999,9","SYN06406009 069// /9902 11025 21025 39859 49959 57/// 60705 333 60007=",
"06009099999","2023-03-12T06:00:00","4","61.4","-6.6666666","102.0","AKRABERG, DA","FM-12","99999","V020","999,9,V,0010,1","99999,9,9,N","999999,9,9,9","-0023,1","-0023,1","09931,1","01,0700,3,2","03,0000,9,2","99999,9,09831,1","6,1,999,9,+999,9","SYN06406009 069// /9902 11023 21023 39831 49931 56/// 60705 333 60007=",
"06009099999","2023-03-12T09:00:00","4","61.4","-6.6666666","102.0","AKRABERG, DA","FM-12","99999","V020","999,9,V,0010,1","99999,9,9,N","999999,9,9,9","-0023,1","-0025,1","09915,1","01,0700,3,2","03,0000,9,2","99999,9,09816,1","5,1,999,9,+999,9","SYN06406009 069// /9902 11023 21025 39816 49915 55/// 60705 333 60007=",
"06009099999","2023-03-12T12:00:00","4","61.4","-6.6666666","102.0","AKRABERG, DA","FM-12","99999","V020","999,9,V,0010,1","99999,9,9,N","999999,9,9,9","-0014,1","-0020,1","09911,1","01,0700,3,2","03,0000,9,2","99999,9,09812,1","5,1,999,9,+999,9","SYN06406009 069// /9902 11014 21020 39812 49911 55/// 60705 333 60007=",
"06009099999","2023-03-12T15:00:00","4","61.4","-6.6666666","102.0","AKRABERG, DA","FM-12","99999","V020","999,9,V,0010,1","99999,9,9,N","999999,9,9,9","-0007,1","-0027,1","09899,1","01,0700,3,2","03,0000,9,2","99999,9,09801,1","8,1,999,9,+999,9","SYN06406009 069// /9902 11007 21027 39801 49899 58/// 60705 333 60007=",
"06009099999","2023-03-12T18:00:00","4","61.4","-6.6666666","102.0","AKRABERG, DA","FM-12","99999","V020","999,9,V,0010,1","99999,9,9,N","999999,9,9,9","-0005,1","-0033,1","09895,1","01,0700,3,2","03,0000,9,2","99999,9,09796,1","5,1,999,9,+999,9","SYN06406009 069// /9902 11005 21033 39796 49895 55/// 60705 333 60007=",
"06009099999","2023-03-12T21:00:00","4","61.4","-6.6666666","102.0","AKRABERG, DA","FM-12","99999","V020","999,9,V,0010,1","99999,9,9,N","999999,9,9,9","-0001,1","-0034,1","09888,1","03,0000,9,1",,"99999,9,09789,1","7,1,999,9,+999,9","SYN05406009 169// /9902 11001 21034 39789 49888 57/// 60007=",
"06009099999","2023-03-13T00:00:00","4","61.4","-6.6666666","102.0","AKRABERG, DA","FM-12","99999","V020","999,9,V,0010,1","99999,9,9,N","999999,9,9,9","-0006,1","+9999,9","09852,1","01,0700,3,2","06,0008,3,2","99999,9,09753,1","8,1,999,9,+999,9","SYN06406009 069// /9902 11006 21005 39753 49852 58/// 60705 333 69981=",
"06009099999","2023-03-13T03:00:00","4","61.4","-6.6666666","102.0","AKRABERG, DA","FM-12","99999","V020","999,9,V,0010,1","99999,9,9,N","999999,9,9,9","+0007,1","-0044,1","09848,1",,,"99999,9,09750,1","5,1,999,9,+999,9","SYN04806009 469// /9902 10007 21044 39750 49848 55///=",
"06009099999","2023-03-13T06:00:00","4","61.4","-6.6666666","102.0","AKRABERG, DA","FM-12","99999","V020","999,9,V,0010,1","99999,9,9,N","999999,9,9,9","-0004,1","-0062,1","09860,1","01,0700,3,2","12,0004,3,2","99999,9,09762,1","3,1,999,9,+999,9","SYN06406009 069// /9902 11004 21062 39762 49860 53/// 60705 333 69942=",
"06009099999","2023-03-13T09:00:00","4","61.4","-6.6666666","102.0","AKRABERG, DA","FM-12","99999","V020","999,9,V,0010,1","99999,9,9,N","999999,9,9,9","-0014,1","-0068,1","09871,1",,,"99999,9,09772,1","1,1,999,9,+999,9","SYN04806009 469// /9902 11014 21068 39772 49871 51///=",
"06009099999","2023-03-13T12:00:00","4","61.4","-6.6666666","102.0","AKRABERG, DA","FM-12","99999","V020","999,9,V,0010,1","99999,9,9,N","999999,9,9,9","-0015,1","-0077,1","09884,1","01,0700,3,2","03,0000,9,2","99999,9,09785,1","1,1,999,9,+999,9","SYN06406009 069// /9902 11015 21077 39785 49884 51/// 60705 333 60007=",
"06009099999","2023-03-13T15:00:00","4","61.4","-6.6666666","102.0","AKRABERG, DA","FM-12","99999","V020","999,9,V,0010,1","99999,9,9,N","999999,9,9,9","-0011,1","-0093,1","09879,1","03,0000,9,1",,"99999,9,09781,1","7,1,999,9,+999,9","SYN05406009 169// /9902 11011 21093 39781 49879 57/// 60007=",
"06009099999","2023-03-13T18:00:00","4","61.4","-6.6666666","102.0","AKRABERG, DA","FM-12","99999","V020","999,9,V,0010,1","99999,9,9,N","999999,9,9,9","-0017,1","-0094,1","09888,1","01,0700,3,2","03,0000,9,2","99999,9,09789,1","3,1,999,9,+999,9","SYN06406009 069// /9902 11017 21094 39789 49888 53/// 60705 333 60007=",
"06009099999","2023-03-13T21:00:00","4","61.4","-6.6666666","102.0","AKRABERG, DA","FM-12","99999","V020","999,9,V,0010,1","99999,9,9,N","999999,9,9,9","-0029,1","-0071,1","09903,1","03,0000,9,1",,"99999,9,09804,1","3,1,999,9,+999,9","SYN05406009 169// /9902 11029 21071 39804 49903 53/// 60007=",
"06009099999","2023-03-14T00:00:00","4","61.4","-6.6666666","102.0","AKRABERG, DA","FM-12","99999","V020","999,9,V,0010,1","99999,9,9,N","999999,9,9,9","+0002,1","-0060,1","09915,1","01,0700,3,2","03,0000,9,2","99999,9,09817,1","3,1,999,9,+999,9","SYN06406009 069// /9902 10002 21060 39817 49915 53/// 60705 333 60007=",
"06009099999","2023-03-14T03:00:00","4","61.4","-6.6666666","102.0","AKRABERG, DA","FM-12","99999","V020","999,9,V,0010,1","99999,9,9,N","999999,9,9,9","-0011,1","-0081,1","09951,1","01,0700,3,2","03,0000,9,2","99999,9,09852,1","3,1,999,9,+999,9","SYN06406009 069// /9902 11011 21081 39852 49951 53/// 60705 333 60007=",
"06009099999","2023-03-14T06:00:00","4","61.4","-6.6666666","102.0","AKRABERG, DA","FM-12","99999","V020","999,9,V,0010,1","99999,9,9,N","999999,9,9,9","-0018,1","-0091,1","09973,1","01,0700,3,2","03,0000,9,2","99999,9,09873,1","1,1,999,9,+999,9","SYN06406009 069// /9902 11018 21091 39873 49973 51/// 60705 333 60007=",
"06009099999","2023-03-14T09:00:00","4","61.4","-6.6666666","102.0","AKRABERG, DA","FM-12","99999","V020","999,9,V,0010,1","99999,9,9,N","999999,9,9,9","-0014,1","-0094,1","09987,1","01,0700,3,2","03,0000,9,2","99999,9,09887,1","1,1,999,9,+999,9","SYN06406009 069// /9902 11014 21094 39887 49987 51/// 60705 333 60007=",
"06009099999","2023-03-14T12:00:00","4","61.4","-6.6666666","102.0","AKRABERG, DA","FM-12","99999","V020","999,9,V,0010,1","99999,9,9,N","999999,9,9,9","-0010,1","-0038,1","09992,1","01,0700,3,2","03,0000,9,2","99999,9,09892,1",,"SYN06406009 069// /9902 11010 21038 39892 49992 50/// 60705 333 60007=",
"06009099999","2023-03-14T15:00:00","4","61.4","-6.6666666","102.0","AKRABERG, DA","FM-12","99999","V020","999,9,V,0010,1","99999,9,9,N","999999,9,9,9","-0003,1","-0072,1","09996,1","03,0000,9,1",,"99999,9,09897,1","1,1,999,9,+999,9","SYN05406009 169// /9902 11003 21072 39897 49996 51/// 60007=",
"06009099999","2023-03-14T18:00:00","4","61.4","-6.6666666","102.0","AKRABERG, DA","FM-12","99999","V020","999,9,V,0010,1","99999,9,9,N","999999,9,9,9","+0001,1","-0045,1","10004,1","01,0700,3,2","03,0000,9,2","99999,9,09904,1","2,1,999,9,+999,9","SYN06406009 069// /9902 10001 21045 39904 40004 52/// 60705 333 60007=",
"06009099999","2023-03-14T21:00:00","4","61.4","-6.6666666","102.0","AKRABERG, DA","FM-12","99999","V020","999,9,V,0010,1","99999,9,9,N","999999,9,9,9","-0002,1","-0006,1","10020,1","01,0700,3,2","03,0000,9,2","99999,9,09920,1","3,1,999,9,+999,9","SYN06406009 069// /9902 11002 21006 39920 40020 53/// 60705 333 60007=",
"06009099999","2023-03-15T00:00:00","4","61.4","-6.6666666","102.0","AKRABERG, DA","FM-12","99999","V020","999,9,V,0010,1","99999,9,9,N","999999,9,9,9","+0016,1","-0021,1","10037,1","01,0700,3,2","06,0008,3,2","99999,9,09938,1","3,1,999,9,+999,9","SYN06406009 069// /9902 10016 21021 39938 40037 53/// 60705 333 69981=",
"06009099999","2023-03-15T03:00:00","4","61.4","-6.6666666","102.0","AKRABERG, DA","FM-12","99999","V020","999,9,V,0010,1","99999,9,9,N","999999,9,9,9","+0026,1","-0050,1","10050,1",,,"99999,9,09951,1","1,1,999,9,+999,9","SYN04806009 469// /9902 10026 21050 39951 40050 51///=",
"06009099999","2023-03-15T06:00:00","4","61.4","-6.6666666","102.0","AKRABERG, DA","FM-12","99999","V020","999,9,V,0010,1","99999,9,9,N","999999,9,9,9","+0024,1","-0051,1","10052,1","01,0700,3,2","03,0000,9,2","99999,9,09953,1","2,1,999,9,+999,9","SYN06406009 069// /9902 10024 21051 39953 40052 52/// 60705 333 60007=",
"06009099999","2023-03-15T09:00:00","4","61.4","-6.6666666","102.0","AKRABERG, DA","FM-12","99999","V020","999,9,V,0010,1","99999,9,9,N","999999,9,9,9","+0020,1","-0029,1","10061,1","03,0000,9,1",,"99999,9,09961,1","2,1,999,9,+999,9","SYN05406009 169// /9902 10020 21029 39961 40061 52/// 60007=",
"06009099999","2023-03-15T12:00:00","4","61.4","-6.6666666","102.0","AKRABERG, DA","FM-12","99999","V020","999,9,V,0010,1","99999,9,9,N","999999,9,9,9","+0013,1","+0001,1","10066,1","01,0700,3,2","03,0000,9,2","99999,9,09966,1","2,1,999,9,+999,9","SYN06406009 069// /9902 10013 20001 39966 40066 52/// 60705 333 60007=",
"06009099999","2023-03-15T15:00:00","4","61.4","-6.6666666","102.0","AKRABERG, DA","FM-12","99999","V020","999,9,V,0010,1","99999,9,9,N","999999,9,9,9","+0018,1","-0004,1","10051,1","03,0000,9,1",,"99999,9,09952,1","6,1,999,9,+999,9","SYN05406009 169// /9902 10018 21004 39952 40051 56/// 60007=",
"06009099999","2023-03-15T18:00:00","4","61.4","-6.6666666","102.0","AKRABERG, DA","FM-12","99999","V020","999,9,V,0010,1","99999,9,9,N","999999,9,9,9","+0010,1","-0002,1","10041,1","01,0700,3,2","12,0020,3,2","99999,9,09941,1","7,1,999,9,+999,9","SYN06406009 069// /9902 10010 21002 39941 40041 57/// 60705 333 60022=",
"06009099999","2023-03-15T21:00:00","4","61.4","-6.6666666","102.0","AKRABERG, DA","FM-12","99999","V020","999,9,V,0010,1","99999,9,9,N","999999,9,9,9","+0013,1","-0002,1","10028,1",,,"99999,9,09928,1","8,1,999,9,+999,9","SYN04806009 469// /9902 10013 21002 39928 40028 58///=",
"06009099999","2023-03-16T00:00:00","4","61.4","-6.6666666","102.0","AKRABERG, DA","FM-12","99999","V020","999,9,V,0010,1","99999,9,9,N","999999,9,9,9","+0033,1","-0008,1","10014,1","01,0700,3,2","06,0010,3,2","99999,9,09916,1","8,1,999,9,+999,9","SYN06406009 069// /9902 10033 21008 39916 40014 58/// 60705 333 60011=",
"06009099999","2023-03-16T03:00:00","4","61.4","-6.6666666","102.0","AKRABERG, DA","FM-12","99999","V020","999,9,V,0010,1","99999,9,9,N","999999,9,9,9","+0027,1","-0019,1","09997,1",,,"99999,9,09899,1","8,1,999,9,+999,9","SYN04806009 469// /9902 10027 21019 39899 49997 58///=",
"06009099999","2023-03-16T06:00:00","4","61.4","-6.6666666","102.0","AKRABERG, DA","FM-12","99999","V020","999,9,V,0010,1","99999,9,9,N","999999,9,9,9","+0015,1","+0005,1","09986,1","01,0700,3,2","12,0004,3,2","99999,9,09887,1","7,1,999,9,+999,9","SYN06406009 069// /9902 10015 20005 39887 49986 57/// 60705 333 69942=",
"06009099999","2023-03-16T09:00:00","4","61.4","-6.6666666","102.0","AKRABERG, DA","FM-12","99999","V020","999,9,V,0010,1","99999,9,9,N","999999,9,9,9","+0018,1","+0008,1","09973,1",,,"99999,9,09875,1","7,1,999,9,+999,9","SYN04806009 469// /9902 10018 20008 39875 49973 57///=",
"06009099999","2023-03-16T12:00:00","4","61.4","-6.6666666","102.0","AKRABERG, DA","FM-12","99999","V020","999,9,V,0010,1","99999,9,9,N","999999,9,9,9","+0028,1","+0014,1","09955,1","01,0700,3,2","03,0000,9,2","99999,9,09857,1","7,1,999,9,+999,9","SYN06406009 069// /9902 10028 20014 39857 49955 57/// 60705 333 60007=",
"06009099999","2023-03-16T15:00:00","4","61.4","-6.6666666","102.0","AKRABERG, DA","FM-12","99999","V020","999,9,V,0010,1","99999,9,9,N","999999,9,9,9","+0026,1","+0014,1","09938,1","01,0700,3,2","03,0000,9,2","99999,9,09840,1","7,1,999,9,+999,9","SYN06406009 069// /9902 10026 20014 39840 49938 57/// 60705 333 60007=",
"06009099999","2023-03-16T18:00:00","4","61.4","-6.6666666","102.0","AKRABERG, DA","FM-12","99999","V020","999,9,V,0010,1","99999,9,9,N","999999,9,9,9","+0028,1","+0008,1","09941,1","01,0700,3,2","03,0000,9,2","99999,9,09843,1",,"SYN06406009 069// /9902 10028 20008 39843 49941 50/// 60705 333 60007=",
"06009099999","2023-03-16T21:00:00","4","61.4","-6.6666666","102.0","AKRABERG, DA","FM-12","99999","V020","999,9,V,0010,1","99999,9,9,N","999999,9,9,9","+0028,1","-0005,1","09939,1","03,0000,9,1",,"99999,9,09841,1","8,1,999,9,+999,9","SYN05406009 169// /9902 10028 21005 39841 49939 58/// 60007=",
"06009099999","2023-03-17T00:00:00","4","61.4","-6.6666666","102.0","AKRABERG, DA","FM-12","99999","V020","999,9,V,0010,1","99999,9,9,N","999999,9,9,9","+0021,1","-0022,1","09941,1","01,0700,3,2","03,0000,9,2","99999,9,09843,1","4,1,999,9,+999,9","SYN06406009 069// /9902 10021 21022 39843 49941 54/// 60705 333 60007=",
"06009099999","2023-03-17T03:00:00","4","61.4","-6.6666666","102.0","AKRABERG, DA","FM-12","99999","V020","999,9,V,0010,1","99999,9,9,N","999999,9,9,9","+0020,1","-0031,1","09941,1","01,0700,3,2","03,0000,9,2","99999,9,09842,1",,"SYN06406009 069// /9902 10020 21031 39842 49941 50/// 60705 333 60007=",
"06009099999","2023-03-17T06:00:00","4","61.4","-6.6666666","102.0","AKRABERG, DA","FM-12","99999","V020","999,9,V,0010,1","99999,9,9,N","999999,9,9,9","+0029,1","+0015,1","09948,1","01,0700,3,2","03,0000,9,2","99999,9,09850,1","3,1,999,9,+999,9","SYN06406009 069// /9902 10029 20015 39850 49948 53/// 60705 333 60007=",
"06009099999","2023-03-17T09:00:00","4","61.4","-6.6666666","102.0","AKRABERG, DA","FM-12","99999","V020","999,9,V,0010,1","99999,9,9,N","999999,9,9,9","+0044,1","+0008,1","09972,1","01,0700,3,2","03,0000,9,2","99999,9,09874,1","3,1,999,9,+999,9","SYN06406009 069// /9902 10044 20008 39874 49972 53/// 60705 333 60007=",
"06009099999","2023-03-17T12:00:00","4","61.4","-6.6666666","102.0","AKRABERG, DA","FM-12","99999","V020","999,9,V,0010,1","99999,9,9,N","999999,9,9,9","+0053,1","+0009,1","10000,1","01,0700,3,2","03,0000,9,2","99999,9,09903,1","1,1,999,9,+999,9","SYN06406009 069// /9902 10053 20009 39903 40000 51/// 60705 333 60007=",
"06009099999","2023-03-17T15:00:00","4","61.4","-6.6666666","102.0","AKRABERG, DA","FM-12","99999","V020","999,9,V,0010,1","99999,9,9,N","999999,9,9,9","+0055,1","+0009,1","10018,1","03,0000,9,1",,"99999,9,09920,1","3,1,999,9,+999,9","SYN05406009 169// /9902 10055 20009 39920 40018 53/// 60007=",
"06009099999","2023-03-17T18:00:00","4","61.4","-6.6666666","102.0","AKRABERG, DA","FM-12","99999","V020","999,9,V,0010,1","99999,9,9,N","999999,9,9,9","+0045,1","-0004,1","10045,1","01,0700,3,2","03,0000,9,2","99999,9,09947,1","2,1,999,9,+999,9","SYN06406009 069// /9902 10045 21004 39947 40045 52/// 60705 333 60007=",
"06009099999","2023-03-17T21:00:00","4","61.4","-6.6666666","102.0","AKRABERG, DA","FM-12","99999","V020","999,9,V,0010,1","99999,9,9,N","999999,9,9,9","+0037,1","-0021,1","10061,1","01,0700,3,2","03,0000,9,2","99999,9,09962,1","1,1,999,9,+999,9","SYN06406009 069// /9902 10037 21021 39962 40061 51/// 60705 333 60007=",
"06009099999","2023-03-18T00:00:00","4","61.4","-6.6666666","102.0","AKRABERG, DA","FM-12","99999","V020","999,9,V,0010,1","99999,9,9,N","999999,9,9,9","+0039,1","-0020,1","10071,1","01,0700,3,2","03,0000,9,2","99999,9,09972,1","2,1,999,9,+999,9","SYN06406009 069// /9902 10039 21020 39972 40071 52/// 60705 333 60007=",
"06009099999","2023-03-18T03:00:00","4","61.4","-6.6666666","102.0","AKRABERG, DA","FM-12","99999","V020","999,9,V,0010,1","99999,9,9,N","999999,9,9,9","+0037,1","-0020,1","10067,1","01,0700,3,2","03,0000,9,2","99999,9,09968,1","7,1,999,9,+999,9","SYN06406009 069// /9902 10037 21020 39968 40067 57/// 60705 333 60007=",
"06009099999","2023-03-18T06:00:00","4","61.4","-6.6666666","102.0","AKRABERG, DA","FM-12","99999","V020","999,9,V,0010,1","99999,9,9,N","999999,9,9,9","+0038,1","-0023,1","10070,1","01,0700,3,2","03,0000,9,2","99999,9,09971,1","3,1,999,9,+999,9","SYN06406009 069// /9902 10038 21023 39971 40070 53/// 60705 333 60007=",
"06009099999","2023-03-18T09:00:00","4","61.4","-6.6666666","102.0","AKRABERG, DA","FM-12","99999","V020","999,9,V,0010,1","99999,9,9,N","999999,9,9,9","+0044,1","-0021,1","10071,1","01,0700,3,2","03,0000,9,2","99999,9,09972,1","2,1,999,9,+999,9","SYN06406009 069// /9902 10044 21021 39972 40071 52/// 60705 333 60007=",
"06009099999","2023-03-18T12:00:00","4","61.4","-6.6666666","102.0","AKRABERG, DA","FM-12","99999","V020","999,9,V,0010,1","99999,9,9,N","999999,9,9,9","+0047,1","+0002,1","10066,1","01,0700,3,2","03,0000,9,2","99999,9,09967,1","8,1,999,9,+999,9","SYN06406009 069// /9902 10047 20002 39967 40066 58/// 60705 333 60007=",
"06009099999","2023-03-18T15:00:00","4","61.4","-6.6666666","102.0","AKRABERG, DA","FM-12","99999","V020","999,9,V,0010,1","99999,9,9,N","999999,9,9,9","+0022,1","+0010,1","10073,1","01,0700,3,2","03,0000,9,2","99999,9,09973,1",,"SYN06406009 069// /9902 10022 20010 39973 40073 50/// 60705 333 60007=",
"06009099999","2023-03-18T18:00:00","4","61.4","-6.6666666","102.0","AKRABERG, DA","FM-12","99999","V020","999,9,V,0010,1","99999,9,9,N","999999,9,9,9","+0027,1","+0015,1","10068,1","01,0700,3,2","12,0002,3,2","99999,9,09969,1","5,1,999,9,+999,9","SYN06406009 069// /9902 10027 20015 39969 40068 55/// 60705 333 69922=",
"06009099999","2023-03-18T21:00:00","4","61.4","-6.6666666","102.0","AKRABERG, DA","FM-12","99999","V020","999,9,V,0010,1","99999,9,9,N","999999,9,9,9","+0024,1","+0016,1","10065,1",,,"99999,9,09966,1","8,1,999,9,+999,9","SYN04806009 469// /9902 10024 20016 39966 40065 58///=",
"06009099999","2023-03-19T00:00:00","4","61.4","-6.6666666","102.0","AKRABERG, DA","FM-12","99999","V020","999,9,V,0010,1","99999,9,9,N","999999,9,9,9","+0030,1","+0017,1","10067,1","01,0700,3,2","06,0002,3,2","99999,9,09967,1","5,1,999,9,+999,9","SYN06406009 069// /9902 10030 20017 39967 40067 55/// 60705 333 69921=",
"06009099999","2023-03-19T03:00:00","4","61.4","-6.6666666","102.0","AKRABERG, DA","FM-12","99999","V020","999,9,V,0010,1","99999,9,9,N","999999,9,9,9","+0031,1","+0015,1","10063,1",,,"99999,9,09964,1","8,1,999,9,+999,9","SYN04806009 469// /9902 10031 20015 39964 40063 58///=",
"06009099999","2023-03-19T06:00:00","4","61.4","-6.6666666","102.0","AKRABERG, DA","FM-12","99999","V020","999,9,V,0010,1","99999,9,9,N","999999,9,9,9","+0034,1","+0001,1","10066,1","01,0700,3,2","12,0002,3,2","99999,9,09967,1","3,1,999,9,+999,9","SYN06406009 069// /9902 10034 20001 39967 40066 53/// 60705 333 69922=",
"06009099999","2023-03-19T09:00:00","4","61.4","-6.6666666","102.0","AKRABERG, DA","FM-12","99999","V020","999,9,V,0010,1","99999,9,9,N","999999,9,9,9","+0043,1","-0043,1","10073,1",,,"99999,9,09974,1","2,1,999,9,+999,9","SYN04806009 469// /9902 10043 21043 39974 40073 52///=",
"06009099999","2023-03-19T12:00:00","4","61.4","-6.6666666","102.0","AKRABERG, DA","FM-12","99999","V020","999,9,V,0010,1","99999,9,9,N","999999,9,9,9","+0040,1","-0002,1","10079,1","01,0700,3,2","03,0000,9,2","99999,9,09980,1","2,1,999,9,+999,9","SYN06406009 069// /9902 10040 21002 39980 40079 52/// 60705 333 60007=",
"06009099999","2023-03-19T15:00:00","4","61.4","-6.6666666","102.0","AKRABERG, DA","FM-12","99999","V020","999,9,V,0010,1","99999,9,9,N","999999,9,9,9","+0043,1","-0010,1","10083,1","01,0700,3,2","03,0000,9,2","99999,9,09984,1","2,1,999,9,+999,9","SYN06406009 069// /9902 10043 21010 39984 40083 52/// 60705 333 60007=",
"06009099999","2023-03-19T18:00:00","4","61.4","-6.6666666","102.0","AKRABERG, DA","FM-12","99999","V020","999,9,V,0010,1","99999,9,9,N","999999,9,9,9","+0040,1","-0019,1","10089,1","01,0700,3,2","03,0000,9,2","99999,9,09990,1","2,1,999,9,+999,9","SYN06406009 069// /9902 10040 21019 39990 40089 52/// 60705 333 60007=",
"06009099999","2023-03-19T21:00:00","4","61.4","-6.6666666","102.0","AKRABERG, DA","FM-12","99999","V020","999,9,V,0010,1","99999,9,9,N","999999,9,9,9","+0039,1","-0004,1","10097,1","01,0700,3,2","03,0000,9,2","99999,9,09998,1","1,1,999,9,+999,9","SYN06406009 069// /9902 10039 21004 39998 40097 51/// 60705 333 60007=",
"06009099999","2023-03-20T00:00:00","4","61.4","-6.6666666","102.0","AKRABERG, DA","FM-12","99999","V020","999,9,V,0010,1","99999,9,9,N","999999,9,9,9","+0036,1","+0004,1","10103,1","01,0700,3,2","03,0000,9,2","99999,9,10003,1","2,1,999,9,+999,9","SYN06406009 069// /9902 10036 20004 30003 40103 52/// 60705 333 60007=",
"06009099999","2023-03-20T03:00:00","4","61.4","-6.6666666","102.0","AKRABERG, DA","FM-12","99999","V020","999,9,V,0010,1","99999,9,9,N","999999,9,9,9","+0030,1","+0000,1","10107,1","01,0700,3,2","03,0000,9,2","99999,9,10007,1","2,1,999,9,+999,9","SYN06406009 069// /9902 10030 20000 30007 40107 52/// 60705 333 60007=",
"06009099999","2023-03-20T06:00:00","4","61.4","-6.6666666","102.0","AKRABERG, DA","FM-12","99999","V020","999,9,V,0010,1","99999,9,9,N","999999,9,9,9","+0030,1","+0003,1","10113,1","01,0700,3,2","03,0000,9,2","99999,9,10013,1","2,1,999,9,+999,9","SYN06406009 069// /9902 10030 20003 30013 40113 52/// 60705 333 60007=",
"06009099999","2023-03-20T09:00:00","4","61.4","-6.6666666","102.0","AKRABERG, DA","FM-12","99999","V020","999,9,V,0010,1","99999,9,9,N","999999,9,9,9","+0037,1","-0015,1","10117,1","03,0000,9,1",,"99999,9,10018,1","3,1,999,9,+999,9","SYN05406009 169// /9902 10037 21015 30018 40117 53/// 60007=",
"06009099999","2023-03-20T12:00:00","4","61.4","-6.6666666","102.0","AKRABERG, DA","FM-12","99999","V020","999,9,V,0010,1","99999,9,9,N","999999,9,9,9","+0041,1","+0001,1","10112,1","01,0700,3,2","03,0000,9,2","99999,9,10013,1","6,1,999,9,+999,9","SYN06406009 069// /9902 10041 20001 30013 40112 56/// 60705 333 60007=",
"06009099999","2023-03-20T15:00:00","4","61.4","-6.6666666","102.0","AKRABERG, DA","FM-12","99999","V020","999,9,V,0010,1","99999,9,9,N","999999,9,9,9","+0039,1","+0010,1","10097,1","01,0700,3,2","03,0000,9,2","99999,9,09998,1","7,1,999,9,+999,9","SYN06406009 069// /9902 10039 20010 39998 40097 57/// 60705 333 60007=",
"06009099999","2023-03-20T18:00:00","4","61.4","-6.6666666","102.0","AKRABERG, DA","FM-12","99999","V020","999,9,V,0010,1","99999,9,9,N","999999,9,9,9","+0041,1","+0020,1","10070,1","01,0700,3,2","03,0000,9,2","99999,9,09971,1","8,1,999,9,+999,9","SYN06406009 069// /9902 10041 20020 39971 40070 58/// 60705 333 60007=",
"06009099999","2023-03-20T21:00:00","4","61.4","-6.6666666","102.0","AKRABERG, DA","FM-12","99999","V020","999,9,V,0010,1","99999,9,9,N","999999,9,9,9","+0042,1","+0008,1","10042,1","03,0000,9,1",,"99999,9,09944,1","8,1,999,9,+999,9","SYN05406009 169// /9902 10042 20008 39944 40042 58/// 60007=",
"06009099999","2023-03-21T00:00:00","4","61.4","-6.6666666","102.0","AKRABERG, DA","FM-12","99999","V020","999,9,V,0010,1","99999,9,9,N","999999,9,9,9","+0039,1","+0026,1","10011,1","01,0700,3,2","03,0000,9,2","99999,9,09913,1","8,1,999,9,+999,9","SYN06406009 069// /9902 10039 20026 39913 40011 58/// 60705 333 60007=",
"06009099999","2023-03-21T03:00:00","4","61.4","-6.6666666","102.0","AKRABERG, DA","FM-12","99999","V020","999,9,V,0010,1","99999,9,9,N","999999,9,9,9","+0041,1","+0039,1","09973,1","01,0700,3,2","03,0000,9,2","99999,9,09875,1","6,1,999,9,+999,9","SYN06406009 069// /9902 10041 20039 39875 49973 56/// 60705 333 60007=",
"06009099999","2023-03-21T06:00:00","4","61.4","-6.6666666","102.0","AKRABERG, DA","FM-12","99999","V020","999,9,V,0010,1","99999,9,9,N","999999,9,9,9","+0059,1","+9999,9","09940,1","01,0700,3,2","12,0004,3,2","99999,9,09843,1","6,1,999,9,+999,9","SYN06406009 069// /9902 10059 20061 39843 49940 56/// 60705 333 69942=",
"06009099999","2023-03-21T09:00:00","4","61.4","-6.6666666","102.0","AKRABERG, DA","FM-12","99999","V020","999,9,V,0010,1","99999,9,9,N","999999,9,9,9","+0067,1","+9999,9","09925,1",,,"99999,9,09829,1","7,1,999,9,+999,9","SYN04806009 469// /9902 10067 20070 39829 49925 57///=","Q017     2ATOD  "
"06009099999","2023-03-21T12:00:00","4","61.4","-6.6666666","102.0","AKRABERG, DA","FM-12","99999","V020","999,9,V,0010,1","99999,9,9,N","999999,9,9,9","+0067,1","+9999,9","09906,1","01,0700,3,2","06,0006,3,2","99999,9,09810,1","7,1,999,9,+999,9","SYN06406009 069// /9902 10067 20071 39810 49906 57/// 60705 333 69961=","Q017.1   2ATOD  "
"06009099999","2023-03-21T15:00:00","4","61.4","-6.6666666","102.0","AKRABERG, DA","FM-12","99999","V020","999,9,V,0010,1","99999,9,9,N","999999,9,9,9","+0067,1","+9999,9","09883,1",,,"99999,9,09787,1","7,1,999,9,+999,9","SYN04806009 469// /9902 10067 20071 39787 49883 57///=","Q017.1   2ATOD  "
"06009099999","2023-03-21T18:00:00","4","61.4","-6.6666666","102.0","AKRABERG, DA","FM-12","99999","V020","999,9,V,0010,1","99999,9,9,N","999999,9,9,9","+0069,1","+9999,9","09864,1","01,0700,3,2","12,0050,3,2","99999,9,09769,1","7,1,999,9,+999,9","SYN06406009 069// /9902 10069 20072 39769 49864 57/// 60705 333 60052=","Q017.2   2ATOD  "
"06009099999","2023-03-22T00:00:00","4","61.4","-6.6666666","102.0","AKRABERG, DA","FM-12","99999","V020","999,9,V,0010,1","99999,9,9,N","999999,9,9,9","+0065,1","+9999,9","09838,1","01,0700,3,2","06,0002,3,2","99999,9,09743,1","7,1,999,9,+999,9","SYN06406009 069// /9902 10065 20066 39743 49838 57/// 60705 333 69921=",
"06009099999","2023-03-22T03:00:00","4","61.4","-6.6666666","102.0","AKRABERG, DA","FM-12","99999","V020","999,9,V,0010,1","99999,9,9,N","999999,9,9,9","+0066,1","+9999,9","09799,1",,,"99999,9,09703,1","8,1,999,9,+999,9","SYN04806009 469// /9902 10066 20069 39703 49799 58///=",
"06009099999","2023-03-22T06:00:00","4","61.4","-6.6666666","102.0","AKRABERG, DA","FM-12","99999","V020","999,9,V,0010,1","99999,9,9,N","999999,9,9,9","+0067,1","+0067,1","09744,1","01,0700,3,2","12,0002,3,2","99999,9,09650,1","6,1,999,9,+999,9","SYN06406009 069// /9902 10067 20067 39650 49744 56/// 60705 333 69922=",
"06009099999","2023-03-22T09:00:00","4","61.4","-6.6666666","102.0","AKRABERG, DA","FM-12","99999","V020","999,9,V,0010,1","99999,9,9,N","999999,9,9,9","+0064,1","+9999,9","09713,1",,,"99999,9,09618,1","8,1,999,9,+999,9","SYN04806009 469// /9902 10064 20066 39618 49713 58///=","Q016.6   2ATOD  "
"06009099999","2023-03-22T12:00:00","4","61.4","-6.6666666","102.0","AKRABERG, DA","FM-12","99999","V020","999,9,V,0010,1","99999,9,9,N","999999,9,9,9","+0065,1","+0062,1","09688,1","01,0700,3,2","03,0000,9,2","99999,9,09594,1","8,1,999,9,+999,9","SYN06406009 069// /9902 10065 20062 39594 49688 58/// 60705 333 60007=",
"06009099999","2023-03-22T15:00:00","4","61.4","-6.6666666","102.0","AKRABERG, DA","FM-12","99999","V020","999,9,V,0010,1","99999,9,9,N","999999,9,9,9","+0060,1","+0053,1","09684,1","03,0000,9,1",,"99999,9,09590,1","8,1,999,9,+999,9","SYN05406009 169// /9902 10060 20053 39590 49684 58/// 60007=",
"06009099999","2023-03-22T18:00:00","4","61.4","-6.6666666","102.0","AKRABERG, DA","FM-12","99999","V020","999,9,V,0010,1","99999,9,9,N","999999,9,9,9","+0055,1","+0054,1","09683,1","01,0700,3,2","12,0002,3,2","99999,9,09588,1",,"SYN06406009 069// /9902 10055 20054 39588 49683 50/// 60705 333 69922=",
"06009099999","2023-03-22T21:00:00","4","61.4","-6.6666666","102.0","AKRABERG, DA","FM-12","99999","V020","999,9,V,0010,1","99999,9,9,N","999999,9,9,9","+0057,1","+0054,1","09724,1",,,"99999,9,09629,1","1,1,999,9,+999,9","SYN04806009 469// /9902 10057 20054 39629 49724 51///=",
"06009099999","2023-03-23T00:00:00","4","61.4","-6.6666666","102.0","AKRABERG, DA","FM-12","99999","V020","999,9,V,0010,1","99999,9,9,N","999999,9,9,9","+0057,1","+0054,1","09743,1","01,0700,3,2","03,0000,9,2","99999,9,09648,1","2,1,999,9,+999,9","SYN06406009 069// /9902 10057 20054 39648 49743 52/// 60705 333 60007=",
"06009099999","2023-03-23T03:00:00","4","61.4","-6.6666666","102.0","AKRABERG, DA","FM-12","99999","V020","999,9,V,0010,1","99999,9,9,N","999999,9,9,9","+0055,1","+0053,1","09762,1","01,0700,3,2","03,0000,9,2","99999,9,09667,1","2,1,999,9,+999,9","SYN06406009 069// /9902 10055 20053 39667 49762 52/// 60705 333 60007=",
"06009099999","2023-03-23T06:00:00","4","61.4","-6.6666666","102.0","AKRABERG, DA","FM-12","99999","V020","999,9,V,0010,1","99999,9,9,N","999999,9,9,9","+0051,1","+0045,1","09772,1","01,0700,3,2","12,0002,3,2","99999,9,09677,1","2,1,999,9,+999,9","SYN06406009 069// /9902 10051 20045 39677 49772 52/// 60705 333 69922=",
"06009099999","2023-03-23T09:00:00","4","61.4","-6.6666666","102.0","AKRABERG, DA","FM-12","99999","V020","999,9,V,0010,1","99999,9,9,N","999999,9,9,9","+0042,1","+0028,1","09791,1",,,"99999,9,09695,1","2,1,999,9,+999,9","SYN04806009 469// /9902 10042 20028 39695 49791 52///=",
"06009099999","2023-03-23T12:00:00","4","61.4","-6.6666666","102.0","AKRABERG, DA","FM-12","99999","V020","999,9,V,0010,1","99999,9,9,N","999999,9,9,9","+0033,1","+0022,1","09798,1","01,0700,3,2","03,0000,9,2","99999,9,09702,1","1,1,999,9,+999,9","SYN06406009 069// /9902 10033 20022 39702 49798 51/// 60705 333 60007=",
"06009099999","2023-03-23T15:00:00","4","61.4","-6.6666666","102.0","AKRABERG, DA","FM-12","99999","V020","999,9,V,0010,1","99999,9,9,N","999999,9,9,9","+0039,1","+0020,1","09811,1","01,0700,3,2","03,0000,9,2","99999,9,09714,1","3,1,999,9,+999,9","SYN06406009 069// /9902 10039 20020 39714 49811 53/// 60705 333 60007=",
"06009099999","2023-03-23T18:00:00","4","61.4","-6.6666666","102.0","AKRABERG, DA","FM-12","99999","V020","999,9,V,0010,1","99999,9,9,N","999999,9,9,9","+0036,1","+0012,1","09820,1","01,0700,3,2","03,0000,9,2","99999,9,09723,1","2,1,999,9,+999,9","SYN06406009 069// /9902 10036 20012 39723 49820 52/// 60705 333 60007=",
"06009099999","2023-03-23T21:00:00","4","61.4","-6.6666666","102.0","AKRABERG, DA","FM-12","99999","V020","999,9,V,0010,1","99999,9,9,N","999999,9,9,9","+0037,1","+0010,1","09831,1","01,0700,3,2","03,0000,9,2","99999,9,09735,1","2,1,999,9,+999,9","SYN06406009 069// /9902 10037 20010 39735 49831 52/// 60705 333 60007=",
"06009099999","2023-03-24T00:00:00","4","61.4","-6.6666666","102.0","AKRABERG, DA","FM-12","99999","V020","999,9,V,0010,1","99999,9,9,N","999999,9,9,9","+0041,1","+0011,1","09834,1","01,0700,3,2","03,0000,9,2","99999,9,09737,1","2,1,999,9,+999,9","SYN06406009 069// /9902 10041 20011 39737 49834 52/// 60705 333 60007=",
"06009099999","2023-03-24T03:00:00","4","61.4","-6.6666666","102.0","AKRABERG, DA","FM-12","99999","V020","999,9,V,0010,1","99999,9,9,N","999999,9,9,9","+0042,1","+0017,1","09843,1","01,0700,3,2","03,0000,9,2","99999,9,09746,1","2,1,999,9,+999,9","SYN06406009 069// /9902 10042 20017 39746 49843 52/// 60705 333 60007=",
"06009099999","2023-03-24T06:00:00","4","61.4","-6.6666666","102.0","AKRABERG, DA","FM-12","99999","V020","999,9,V,0010,1","99999,9,9,N","999999,9,9,9","+0044,1","+0040,1","09848,1","01,0700,3,2","03,0000,9,2","99999,9,09751,1","2,1,999,9,+999,9","SYN06406009 069// /9902 10044 20040 39751 49848 52/// 60705 333 60007=",
"06009099999","2023-03-24T09:00:00","4","61.4","-6.6666666","102.0","AKRABERG, DA","FM-12","99999","V020","999,9,V,0010,1","99999,9,9,N","999999,9,9,9","+0060,1","+0041,1","09859,1","01,0700,3,2","03,0000,9,2","99999,9,09762,1","3,1,999,9,+999,9","SYN06406009 069// /9902 10060 20041 39762 49859 53/// 60705 333 60007=",
"06009099999","2023-06-20T12:00:00","4","61.4","-6.6666666","102.0","AKRABERG, DA","FM-12","99999","V020","999,9,V,0010,1","99999,9,9,N","999999,9,9,9","+0108,1","+9999,9","10023,1",,,"99999,9,09927,1",,"SYN04206009 469// /9902 10108 20109 39927 40023=","Q0110.9  2ATOD  "
"06009099999","2023-06-20T15:00:00","4","61.4","-6.6666666","102.0","AKRABERG, DA","FM-12","99999","V020","999,9,V,0010,1","99999,9,9,N","999999,9,9,9","+0104,1","+9999,9","10037,1",,,"99999,9,09940,1",,"SYN04206009 469// /9902 10104 20106 39940 40037=","Q0110.6  2ATOD  "
"06009099999","2023-06-20T18:00:00","4","61.4","-6.6666666","102.0","AKRABERG, DA","FM-12","99999","V020","999,9,V,0010,1","99999,9,9,N","999999,9,9,9","+0105,1","+9999,9","10045,1",,,"99999,9,09949,1",,"SYN04206009 469// /9902 10105 20107 39949 40045=","Q0110.7  2ATOD  "
"06009099999","2023-06-20T21:00:00","4","61.4","-6.6666666","102.0","AKRABERG, DA","FM-12","99999","V020","999,9,V,0010,1","99999,9,9,N","999999,9,9,9","+0105,1","+9999,9","10051,1",,,"99999,9,09955,1",,"SYN04206009 469// /9902 10105 20109 39955 40051=","Q0110.9  2ATOD  "
"06009099999","2023-06-21T00:00:00","4","61.4","-6.6666666","102.0","AKRABERG, DA","FM-12","99999","V020","999,9,V,0010,1","99999,9,9,N","999999,9,9,9","+0109,1","+9999,9","10051,1",,,"99999,9,09955,1",,"SYN04206009 469// /9902 10109 20115 39955 40051=",
"06009099999","2023-06-21T03:00:00","4","61.4","-6.6666666","102.0","AKRABERG, DA","FM-12","99999","V020","999,9,V,0010,1","99999,9,9,N","999999,9,9,9","+0113,1","+9999,9","10049,1",,,"99999,9,09953,1",,"SYN04206009 469// /9902 10113 20119 39953 40049=",
"06009099999","2023-06-21T05:00:00","4","61.4","-6.6666666","102.0","AKRABERG, DA","FM-12","99999","V020","360,1,N,0010,1","99999,9,9,9","999999,9,9,9","+0110,1","+9999,9","10047,1",,,"99999,9,09951,1",,"SYN004BUFR",
"06009099999","2023-06-21T06:00:00","4","61.4","-6.6666666","102.0","AKRABERG, DA","FM-12","99999","V020","999,9,V,0010,1","99999,9,9,N","999999,9,9,9","+0113,1","+9999,9","10049,1",,,"99999,9,09952,1",,"SYN04206009 469// /9902 10113 20117 39952 40049=",
"06009099999","2023-06-21T09:00:00","4","61.4","-6.6666666","102.0","AKRABERG, DA","FM-12","99999","V020","999,9,V,0010,1","99999,9,9,N","999999,9,9,9","+0110,1","+9999,9","10050,1",,,"99999,9,09954,1",,"SYN04206009 469// /9902 10110 20114 39954 40050=","Q0111.4  2ATOD  "
"06009099999","2023-06-21T12:00:00","4","61.4","-6.6666666","102.0","AKRABERG, DA","FM-12","99999","V020","999,9,V,0010,1","99999,9,9,N","999999,9,9,9","+0138,1","+0130,1","10049,1",,,"99999,9,09954,1",,"SYN04206009 469// /9902 10138 20130 39954 40049=",
"06009099999","2023-06-21T15:00:00","4","61.4","-6.6666666","102.0","AKRABERG, DA","FM-12","99999","V020","350,1,N,0005,1","99999,9,9,N","999999,9,9,9","+0122,1","+9999,9","10054,1",,,"99999,9,09958,1",,"SYN04206009 46/// /3501 10122 20123 39958 40054=","Q0112.3  2ATOD  "
"06009099999","2023-06-21T18:00:00","4","61.4","-6.6666666","102.0","AKRABERG, DA","FM-12","99999","V020","190,1,N,0031,1","99999,9,9,N","999999,9,9,9","+0109,1","+9999,9","10055,1",,,"99999,9,09959,1",,"SYN04206009 46/// /1906 10109 20114 39959 40055=","Q0111.4  2ATOD  "
"06009099999","2023-06-21T21:00:00","4","61.4","-6.6666666","102.0","AKRABERG, DA","FM-12","99999","V020","180,1,N,0026,1","99999,9,9,N","999999,9,9,9","+0101,1","+9999,9","10068,1",,,"99999,9,09972,1",,"SYN04206009 46/// /1805 10101 20106 39972 40068=","Q0110.6  2ATOD  "
"06009099999","2023-06-22T03:00:00","4","61.4","-6.6666666","102.0","AKRABERG, DA","FM-12","99999","V020","210,1,N,0036,1","99999,9,9,N","999999,9,9,9","+0101,1","+9999,9","10089,1",,,"99999,9,09992,1",,"SYN04206009 46/// /2107 10101 20105 39992 40089=",
"06009099999","2023-06-22T06:00:00","4","61.4","-6.6666666","102.0","AKRABERG, DA","FM-12","99999","V020","190,1,N,0005,1","99999,9,9,N","999999,9,9,9","+0103,1","+9999,9","10106,1",,,"99999,9,10009,1",,"SYN04206009 46/// /1901 10103 20105 30009 40106=",
"06009099999","2023-06-22T09:00:00","4","61.4","-6.6666666","102.0","AKRABERG, DA","FM-12","99999","V020","180,1,N,0026,1","99999,9,9,N","999999,9,9,9","+0099,1","+9999,9","10128,1",,,"99999,9,10031,1",,"SYN04206009 46/// /1805 10099 20101 30031 40128=","Q0110.1  2ATOD  "
"06009099999","2023-06-22T12:00:00","4","61.4","-6.6666666","102.0","AKRABERG, DA","FM-12","99999","V020","180,1,N,0021,1","99999,9,9,N","999999,9,9,9","+0102,1","+9999,9","10145,1",,,"99999,9,10048,1",,"SYN04206009 46/// /1804 10102 20106 30048 40145=","Q0110.6  2ATOD  "
"06009099999","2023-06-22T18:00:00","4","61.4","-6.6666666","102.0","AKRABERG, DA","FM-12","99999","V020","250,1,N,0005,1","99999,9,9,N","999999,9,9,9","+0109,1","+0095,1","10168,1",,,"99999,9,10070,1",,"SYN04206009 46/// /2501 10109 20095 30070 40168=",
"06009099999","2023-06-22T21:00:00","4","61.4","-6.6666666","102.0","AKRABERG, DA","FM-12","99999","V020","200,1,N,0015,1","99999,9,9,N","999999,9,9,9","+0103,1","+0100,1","10172,1",,,"99999,9,10074,1",,"SYN04206009 46/// /2003 10103 20100 30074 40172=",
"06009099999","2023-06-23T00:00:00","4","61.4","-6.6666666","102.0","AKRABERG, DA","FM-12","99999","V020","180,1,N,0021,1","99999,9,9,N","999999,9,9,9","+0099,1","+9999,9","10172,1",,,"99999,9,10074,1",,"SYN04206009 46/// /1804 10099 20103 30074 40172=",
"06009099999","2023-06-23T03:00:00","4","61.4","-6.6666666","102.0","AKRABERG, DA","FM-12","99999","V020","130,1,N,0021,1","99999,9,9,N","999999,9,9,9","+0101,1","+9999,9","10162,1",,,"99999,9,10065,1",,"SYN04206009 46/// /1304 10101 20102 30065 40162=",
"06009099999","2023-06-23T06:00:00","4","61.4","-6.6666666","102.0","AKRABERG, DA","FM-12","99999","V020","100,1,N,0026,1","99999,9,9,N","999999,9,9,9","+0105,1","+9999,9","10154,1",,,"99999,9,10056,1",,"SYN04206009 46/// /1005 10105 20108 30056 40154=",
"06009099999","2023-11-14T09:00:00","4","61.4","-6.6666666","102.0","AKRABERG, DA","FM-12","99999","V020","020,1,N,0120,1","99999,9,9,N","999999,9,9,9","+0071,1","+0032,1","10030,1",,,"99999,9,09921,1","2,1,999,9,+999,9","SYN04806009 36/// /0212 10071 20032 39921 40030 52///=",
