"STATION","DATE","SOURCE","LATITUDE","LONGITUDE","ELEVATION","NAME","REPORT_TYPE","CALL_SIGN","QUALITY_CONTROL","WND","CIG","VIS","TMP","DEW","SLP","AA1","AA2","GA1","GA2","GA3","GE1","GF1","KA1","KA2","MA1","MD1","ME1","REM","EQD"
"43272099999","2023-01-04T03:00:00","4","13.2","78.0666666","857.0","CHINTAMANI, IN","FM-12","99999","V020","999,9,C,0000,1","99999,9,9,N","010000,1,9,9","+0180,1","+0164,1","99999,9",,,,,,,,"240,M,+0271,1","240,N,+0157,1","99999,9,09217,1","9,9,999,9,-005,1","3,1546,9","SYN08043272 32997 01400 10180 20164 39217 48546 8//// 333 10271 20157 59005 555 10000=",
"43272099999","2023-01-05T03:00:00","4","13.2","78.0666666","857.0","CHINTAMANI, IN","FM-12","99999","V020","999,9,C,0000,1","99999,9,9,N","004000,1,9,9","+0178,1","+0165,1","99999,9",,,"03,1,+00800,1,07,1","99,9,+99999,9,03,1","99,9,+99999,9,00,1","9,AGL   ,+99999,+99999","06,99,1,03,1,99,9,00800,1,99,9,99,9","240,M,+0266,1","240,N,+0149,1","99999,9,09213,1",,"3,1542,9","SYN07643272 32596 61400 10178 20165 39213 48542 83632 333 10266 20149 56299 59004=",
"43272099999","2023-01-06T03:00:00","4","13.2","78.0666666","857.0","CHINTAMANI, IN","FM-12","99999","V020","999,9,C,0000,1","99999,9,9,N","010000,1,9,9","+0184,1","+0158,1","99999,9",,,,,,,,"240,M,+0266,1","240,N,+0116,1","99999,9,09230,1","9,9,999,9,+017,1","3,1561,9","SYN08043272 32997 00500 10184 20158 39230 48561 8//// 333 10266 20116 58017 555 10000=",
"43272099999","2023-01-07T03:00:00","4","13.2","78.0666666","857.0","CHINTAMANI, IN","FM-12","99999","V020","050,1,N,0005,1","99999,9,9,N","010000,1,9,9","+0172,1","+0156,1","99999,9",,,,,,,,"240,M,+0269,1","240,N,+0144,1","99999,9,09223,1","9,9,999,9,-007,1","3,1551,9","SYN08043272 32997 00501 10172 20156 39223 48551 8//// 333 10269 20144 59007 555 10000=",
"43272099999","2023-01-08T03:00:00","4","13.2","78.0666666","857.0","CHINTAMANI, IN","FM-12","99999","V020","999,9,C,0000,1","99999,9,9,N","010000,1,9,9","+0166,1","+0153,1","99999,9",,,,,,,,"240,M,+0267,1","240,N,+0123,1","99999,9,09222,1","9,9,999,9,-001,1","3,1547,9","SYN08043272 32997 01400 10166 20153 39222 48547 8//// 333 10267 20123 59001 555 10000=",
"43272099999","2023-01-09T03:00:00","4","13.2","78.0666666","857.0","CHINTAMANI, IN","FM-12","99999","V020","050,1,N,0005,1","99999,9,9,N","010000,1,9,9","+0150,1","+0133,1","99999,9",,,,,,,,"240,M,+0271,1","240,N,+0119,1","99999,9,09225,1","9,9,999,9,+003,1","3,1545,9","SYN08043272 32997 00501 10150 20133 39225 48545 8//// 333 10271 20119 58003 555 10000=",
"43272099999","2023-01-10T03:00:00","4","13.2","78.0666666","857.0","CHINTAMANI, IN","FM-12","99999","V020","140,1,N,0010,1","99999,9,9,N","010000,1,9,9","+0148,1","+0131,1","99999,9",,,,,,,,"240,M,+0271,1","240,N,+0101,1","99999,9,09216,1","9,9,999,9,-009,1","3,1537,9","SYN08043272 32997 01402 10148 20131 39216 48537 8//// 333 10271 20101 59009 555 10000=",
"43272099999","2023-01-11T03:00:00","4","13.2","78.0666666","857.0","CHINTAMANI, IN","FM-12","99999","V020","999,9,C,0000,1","99999,9,9,N","010000,1,9,9","+0124,1","+0098,1","99999,9",,,,,,,,"240,M,+0282,1","240,N,+0081,1","99999,9,09201,1","9,9,999,9,-015,1","3,1533,9","SYN08043272 32997 01400 10124 20098 39201 48533 8//// 333 10282 20081 59015 555 10000=",
"43272099999","2023-01-13T03:00:00","4","13.2","78.0666666","857.0","CHINTAMANI, IN","FM-12","99999","V020","140,1,N,0010,1","99999,9,9,N","010000,1,9,9","+0182,1","+0156,1","99999,9",,,"00,1,+99999,9,99,9",,,"9,AGL   ,+99999,+99999","99,99,9,00,1,99,9,99999,9,99,9,99,9","240,M,+0296,1","240,N,+0103,1","99999,9,09189,1","9,9,999,9,-002,1","3,1522,9","SYN08043272 32997 01402 10182 20156 39189 48522 80000 333 10296 20103 59002 555 10000=",
"43272099999","2023-01-17T03:00:00","4","13.2","78.0666666","857.0","CHINTAMANI, IN","FM-12","99999","V020","050,1,N,0010,1","99999,9,9,N","010000,1,9,9","+0130,1","+0104,1","99999,9",,,,,,,,"240,M,+0291,1","240,N,+0098,1","99999,9,09186,1","9,9,999,9,-008,1","3,1506,9","SYN07443272 32997 00502 10130 20104 39186 48506 333 10291 20098 59008 555 10000=",
"43272099999","2023-01-21T03:00:00","4","13.2","78.0666666","857.0","CHINTAMANI, IN","FM-12","99999","V020","140,1,N,0010,1","99999,9,9,N","010000,1,9,9","+0176,1","+0163,1","99999,9",,,"03,1,+99999,9,07,1","99,9,+99999,9,03,1","99,9,+99999,9,00,1","9,AGL   ,+99999,+99999","06,99,1,03,1,99,9,99999,9,99,9,99,9","240,M,+0266,1","240,N,+0145,1","99999,9,09201,1",,"3,1530,9","SYN08643272 32997 61402 10176 20163 39201 48530 83632 333 10266 20145 56299 59014 555 10000=",
"43272099999","2023-01-24T03:00:00","4","13.2","78.0666666","857.0","CHINTAMANI, IN","FM-12","99999","V020","140,1,N,0005,1","99999,9,9,N","002000,1,9,9","+0194,1","+0169,1","99999,9",,,"03,1,+00800,1,07,1","99,9,+99999,9,03,1","99,9,+99999,9,00,1","9,AGL   ,+99999,+99999","08,99,1,03,1,99,9,00800,1,99,9,99,9","240,M,+0241,1","240,N,+0177,1","99999,9,09182,1",,"3,1517,9","SYN08643272 32595 81401 10194 20169 39182 48517 83742 333 10241 20177 56999 59002 555 10000=",
"43272099999","2023-01-25T03:00:00","4","13.2","78.0666666","857.0","CHINTAMANI, IN","FM-12","99999","V020","140,1,N,0010,1","99999,9,9,N","002000,1,9,9","+0281,1","+0157,1","99999,9",,,"03,1,+00800,1,07,1","99,9,+99999,9,03,1","99,9,+99999,9,00,1","9,AGL   ,+99999,+99999","08,99,1,03,1,99,9,00800,1,99,9,99,9","240,M,+0281,1","240,N,+0157,1","99999,9,09187,1",,"3,1516,9","SYN08643272 32595 81402 10281 20157 39187 48516 83642 333 10281 20157 56999 58005 555 10000=",
"43272099999","2023-01-26T03:00:00","4","13.2","78.0666666","857.0","CHINTAMANI, IN","FM-12","99999","V020","999,9,C,0000,1","99999,9,9,N","010000,1,9,9","+0166,1","+0135,1","99999,9",,,,,,,,"240,M,+0282,1","240,N,+0153,1","99999,9,09182,1","9,9,999,9,-005,1","3,1511,9","SYN07443272 32997 01400 10166 20135 39182 48511 333 10282 20153 59005 555 10000=",
"43272099999","2023-01-27T03:00:00","4","13.2","78.0666666","857.0","CHINTAMANI, IN","FM-12","99999","V020","140,1,N,0005,1","99999,9,9,N","010000,1,9,9","+0176,1","+0146,1","99999,9",,,,,,,,"240,M,+0292,1","240,N,+0137,1","99999,9,09187,1","9,9,999,9,+005,1","3,1518,9","SYN07443272 32997 01401 10176 20146 39187 48518 333 10292 20137 58005 555 10000=",
"43272099999","2023-01-30T03:00:00","4","13.2","78.0666666","857.0","CHINTAMANI, IN","FM-12","99999","V020","999,9,C,0000,1","99999,9,9,N","010000,1,9,9","+0202,1","+0174,1","99999,9",,,,,,,,"240,M,+0289,1","240,N,+0106,1","99999,9,09181,1","9,9,999,9,-004,1","3,1518,9","SYN07443272 32997 00000 10202 20174 39181 48518 333 10289 20106 59004 555 10000=",
"43272099999","2023-02-03T03:00:00","4","13.2","78.0666666","857.0","CHINTAMANI, IN","FM-12","99999","V020","050,1,N,0005,1","99999,9,9,N","010000,1,9,9","+0198,1","+0102,1","99999,9",,,,,,,,"240,M,+0277,1","240,N,+0119,1","99999,9,09183,1","9,9,999,9,+008,1","3,1518,9","SYN07443272 32997 00501 10198 20102 39183 48518 333 10277 20119 58008 555 10000=",
"43272099999","2023-02-07T03:00:00","4","13.2","78.0666666","857.0","CHINTAMANI, IN","FM-12","99999","V020","999,9,C,0000,1","99999,9,9,N","010000,1,9,9","+0206,1","+0158,1","99999,9",,,,,,,,"240,M,+0303,1","240,N,+0143,1","99999,9,09180,1","9,9,999,9,-003,1","3,1518,9","SYN08043272 32997 01400 10206 20158 39180 48518 8//// 333 10303 20143 59003 555 10000=",
"43272099999","2023-02-08T03:00:00","4","13.2","78.0666666","857.0","CHINTAMANI, IN","FM-12","99999","V020","999,9,C,0000,1","99999,9,9,N","010000,1,9,9","+0180,1","+0167,1","99999,9",,,,,,,,"240,M,+0313,1","240,N,+0146,1","99999,9,09179,1","9,9,999,9,-001,1","3,1511,9","SYN08043272 32997 00500 10180 20167 39179 48511 8//// 333 10313 20146 59001 555 10000=",
"43272099999","2023-02-09T03:00:00","4","13.2","78.0666666","857.0","CHINTAMANI, IN","FM-12","99999","V020","999,9,C,0000,1","99999,9,9,N","010000,1,9,9","+0211,1","+0157,1","99999,9",,,,,,,,"240,M,+0311,1","240,N,+0138,1","99999,9,09179,1","9,9,999,9,+000,1","3,1520,9","SYN08043272 32997 00500 10211 20157 39179 48520 8//// 333 10311 20138 58000 555 10000=",
"43272099999","2023-02-10T03:00:00","4","13.2","78.0666666","857.0","CHINTAMANI, IN","FM-12","99999","V020","999,9,C,0000,1","99999,9,9,N","010000,1,9,9","+0202,1","+0150,1","99999,9",,,,,,,,"240,M,+0303,1","240,N,+0125,1","99999,9,09200,1","9,9,999,9,+021,1","3,1537,9","SYN08043272 32997 00500 10202 20150 39200 48537 8//// 333 10303 20125 58021 555 10000=",
"43272099999","2023-02-11T03:00:00","4","13.2","78.0666666","857.0","CHINTAMANI, IN","FM-12","99999","V020","050,1,N,0010,1","99999,9,9,N","010000,1,9,9","+0200,1","+0133,1","99999,9",,,,,,,,"240,M,+0303,1","240,N,+0118,1","99999,9,09192,1","9,9,999,9,-008,1","3,1527,9","SYN07443272 32997 00502 10200 20133 39192 48527 333 10303 20118 59008 555 10000=",
"43272099999","2023-02-12T03:00:00","4","13.2","78.0666666","857.0","CHINTAMANI, IN","FM-12","99999","V020","999,9,C,0000,1","99999,9,9,N","010000,1,9,9","+0204,1","+0147,1","99999,9",,,,,,,,"240,M,+0311,1","240,N,+0123,1","99999,9,09133,1","9,9,999,9,+001,1","3,1530,9","SYN07443272 32997 00000 10204 20147 39133 48530 333 10311 20123 58001 555 10000=",
"43272099999","2023-02-15T03:00:00","4","13.2","78.0666666","857.0","CHINTAMANI, IN","FM-12","99999","V020","999,9,C,0000,1","99999,9,9,N","010000,1,9,9","+0210,1","+0155,1","99999,9",,,,,,,,"240,M,+0313,1","240,N,+0126,1","99999,9,09180,1","9,9,999,9,+030,1","3,1518,9","SYN08043272 32997 00500 10210 20155 39180 48518 8//// 333 10313 20126 58030 555 10000=",
"43272099999","2023-02-16T03:00:00","4","13.2","78.0666666","857.0","CHINTAMANI, IN","FM-12","99999","V020","999,9,C,0000,1","99999,9,9,N","010000,1,9,9","+0214,1","+0083,1","99999,9",,,,,,,,"240,M,+0311,1","240,N,+0105,1","99999,9,09182,1","9,9,999,9,+002,1","3,1522,9","SYN08043272 32997 01400 10214 20083 39182 48522 8//// 333 10311 20105 58002 555 10000=",
"43272099999","2023-02-17T03:00:00","4","13.2","78.0666666","857.0","CHINTAMANI, IN","FM-12","99999","V020","999,9,C,0000,1","99999,9,9,N","010000,1,9,9","+0210,1","+0125,1","99999,9",,,,,,,,"240,M,+0311,1","240,N,+0118,1","99999,9,09190,1","9,9,999,9,+008,1","3,1527,9","SYN08043272 32997 01400 10210 20125 39190 48527 8//// 333 10311 20118 58008 555 10000=",
"43272099999","2023-02-18T03:00:00","4","13.2","78.0666666","857.0","CHINTAMANI, IN","FM-12","99999","V020","999,9,C,0000,1","99999,9,9,N","010000,1,9,9","+0214,1","+0126,1","99999,9",,,,,,,,"240,M,+0307,1","240,N,+0123,1","99999,9,09193,1","9,9,999,9,+003,1","3,1533,9","SYN07043272 32997 01400 10214 20126 39193 48533 8//// 333 10307 20123 58003=",
"43272099999","2023-02-20T03:00:00","4","13.2","78.0666666","857.0","CHINTAMANI, IN","FM-12","99999","V020","999,9,C,0000,1","99999,9,9,N","002000,1,9,9","+0176,1","+0166,1","99999,9",,,"03,1,+00800,1,07,1","99,9,+99999,9,03,1","99,9,+99999,9,00,1","9,AGL   ,+99999,+99999","05,99,1,03,1,99,9,00800,1,99,9,99,9","240,M,+0311,1","240,N,+0126,1","99999,9,09199,1",,"3,1529,9","SYN08643272 32595 50000 10176 20166 39199 48529 83632 333 10311 20126 56299 58003 555 10000=",
"43272099999","2023-02-24T03:00:00","4","13.2","78.0666666","857.0","CHINTAMANI, IN","FM-12","99999","V020","140,1,N,0010,1","99999,9,9,N","010000,1,9,9","+0200,1","+0162,1","99999,9",,,,,,,,"240,M,+0317,1","240,N,+0130,1","99999,9,09199,1","9,9,999,9,+007,1","3,1534,9","SYN07443272 32997 01402 10200 20162 39199 48534 333 10317 20130 58007 555 10000=",
"43272099999","2023-02-26T03:00:00","4","13.2","78.0666666","857.0","CHINTAMANI, IN","FM-12","99999","V020","140,1,N,0010,1","99999,9,9,N","010000,1,9,9","+0230,1","+0118,1","99999,9",,,,,,,,"240,M,+0325,1","240,N,+0116,1","99999,9,09209,1","9,9,999,9,-004,1","3,1550,9","SYN07443272 32997 01402 10230 20118 39209 48550 333 10325 20116 59004 555 10000=",
"43272099999","2023-02-27T03:00:00","4","13.2","78.0666666","857.0","CHINTAMANI, IN","FM-12","99999","V020","090,1,N,0010,1","99999,9,9,N","010000,1,9,9","+0202,1","+0124,1","99999,9",,,,,,,,"240,M,+0325,1","240,N,+0108,1","99999,9,09220,1","9,9,999,9,+011,1","3,1556,9","SYN08043272 32997 00902 10202 20124 39220 48556 8//// 333 10325 20108 58011 555 10000=",
"43272099999","2023-03-04T03:00:00","4","13.2","78.0666666","857.0","CHINTAMANI, IN","FM-12","99999","V020","140,1,N,0005,1","99999,9,9,N","010000,1,9,9","+0214,1","+0088,1","99999,9",,,,,,,,"240,M,+0311,1","240,N,+0115,1","99999,9,09232,1","9,9,999,9,+000,1","3,1569,9","SYN07443272 32997 01401 10214 20088 39232 48569 333 10311 20115 58000 555 10000=",
"43272099999","2023-03-07T03:00:00","4","13.2","78.0666666","857.0","CHINTAMANI, IN","FM-12","99999","V020","140,1,N,0010,1","99999,9,9,N","010000,1,9,9","+0202,1","+0108,1","99999,9",,,,,,,,"240,M,+0319,1","240,N,+0111,1","99999,9,09202,1","9,9,999,9,-010,1","3,1538,9","SYN07443272 32997 01402 10202 20108 39202 48538 333 10319 20111 59010 555 10000=",
"43272099999","2023-03-10T03:00:00","4","13.2","78.0666666","857.0","CHINTAMANI, IN","FM-12","99999","V020","140,1,N,0005,1","99999,9,9,N","004000,1,9,9","+0218,1","+0119,1","99999,9",,,"03,1,+00800,1,07,1","99,9,+99999,9,03,1","99,9,+99999,9,00,1","9,AGL   ,+99999,+99999","06,99,1,03,1,99,9,00800,1,99,9,99,9","240,M,+0306,1","240,N,+0133,1","99999,9,09191,1",,"3,1531,9","SYN08643272 32596 61401 10218 20119 39191 48531 83632 333 10306 20133 56299 58041 555 10000=",
"43272099999","2023-03-12T03:00:00","4","13.2","78.0666666","857.0","CHINTAMANI, IN","FM-12","99999","V020","140,1,N,0005,1","99999,9,9,N","010000,1,9,9","+0200,1","+0105,1","99999,9",,,,,,,,"240,M,+0309,1","240,N,+0123,1","99999,9,09187,1","9,9,999,9,-002,1","3,1522,9","SYN08043272 32997 01401 10200 20105 39187 48522 8//// 333 10309 20123 59002 555 10000=",
"43272099999","2023-03-13T03:00:00","4","13.2","78.0666666","857.0","CHINTAMANI, IN","FM-12","99999","V020","140,1,N,0005,1","99999,9,9,N","010000,1,9,9","+0204,1","+0169,1","99999,9",,,,,,,,"240,M,+0321,1","240,N,+0113,1","99999,9,09188,1","9,9,999,9,+001,1","3,1525,9","SYN07443272 32997 01401 10204 20169 39188 48525 333 10321 20113 58001 555 10000=",
"43272099999","2023-03-14T03:00:00","4","13.2","78.0666666","857.0","CHINTAMANI, IN","FM-12","99999","V020","140,1,N,0005,1","99999,9,9,N","010000,1,9,9","+0240,1","+0123,1","99999,9",,,,,,,,"240,M,+0321,1","240,N,+0139,1","99999,9,09178,1","9,9,999,9,-010,1","3,1524,9","SYN06443272 32997 01401 10240 20123 39178 48524 333 10321 20139 59010=",
"43272099999","2023-03-15T03:00:00","4","13.2","78.0666666","857.0","CHINTAMANI, IN","FM-12","99999","V020","140,1,N,0010,1","99999,9,9,N","010000,1,9,9","+0220,1","+0180,1","99999,9",,,,,,,,"240,M,+0333,1","240,N,+0167,1","99999,9,09157,1","9,9,999,9,-021,1","3,1499,9","SYN07443272 32997 01402 10220 20180 39157 48499 333 10333 20167 59021 555 10000=",
"43272099999","2023-03-18T03:00:00","4","13.2","78.0666666","857.0","CHINTAMANI, IN","FM-12","99999","V020","140,1,N,0010,1","99999,9,9,N","004000,1,9,9","+0220,1","+0193,1","99999,9","24,0030,3,1",,"03,1,+00800,1,07,1","99,9,+99999,9,03,1","99,9,+99999,9,00,1","9,AGL   ,+99999,+99999","06,99,1,03,1,99,9,00800,1,99,9,99,9","240,M,+0296,1","240,N,+0195,1","99999,9,09174,1",,"3,1515,9","SYN09843272 22596 61402 10220 20193 39174 48515 83632 333 10296 20195 56299 59029 6003/ 555 00030 10067=",
"43272099999","2023-03-20T03:00:00","4","13.2","78.0666666","857.0","CHINTAMANI, IN","FM-12","99999","V020","320,1,N,0005,1","99999,9,9,N","010000,1,9,9","+0234,1","+0182,1","99999,9",,,,,,,,"240,M,+0302,1","240,N,+0183,1","99999,9,09158,1","9,9,999,9,-010,1","3,1502,9","SYN08043272 32997 03201 10234 20182 39158 48502 8//// 333 10302 20183 59010 555 10106=",
"43272099999","2023-03-21T03:00:00","4","13.2","78.0666666","857.0","CHINTAMANI, IN","FM-12","99999","V020","999,9,C,0000,1","99999,9,9,N","010000,1,9,9","+0228,1","+0185,1","99999,9",,,,,,,,"240,M,+0317,1","240,N,+0189,1","99999,9,09157,1","9,9,999,9,-001,1","3,1502,9","SYN07443272 32997 00000 10228 20185 39157 48502 333 10317 20189 59001 555 10106=",
"43272099999","2023-03-23T03:00:00","4","13.2","78.0666666","857.0","CHINTAMANI, IN","FM-12","99999","V020","999,9,C,0000,1","99999,9,9,N","010000,1,9,9","+0236,1","+0197,1","99999,9",,,,,,,,"240,M,+0324,1","240,N,+0195,1","99999,9,09165,1","9,9,999,9,+004,1","3,1511,9","SYN08043272 32997 02300 10236 20197 39165 48511 8//// 333 10324 20195 58004 555 10106=",
"43272099999","2023-03-24T03:00:00","4","13.2","78.0666666","857.0","CHINTAMANI, IN","FM-12","99999","V020","050,1,N,0005,1","99999,9,9,N","010000,1,9,9","+0250,1","+0190,1","99999,9",,,,,,,,"240,M,+0336,1","240,N,+0203,1","99999,9,09165,1","9,9,999,9,+000,1","3,1513,9","SYN07443272 32997 00501 10250 20190 39165 48513 333 10336 20203 58000 555 10106=",
"43272099999","2023-03-26T03:00:00","4","13.2","78.0666666","857.0","CHINTAMANI, IN","FM-12","99999","V020","140,1,N,0005,1","99999,9,9,N","010000,1,9,9","+0250,1","+0212,1","99999,9",,,,,,,,"240,M,+0344,1","240,N,+0208,1","99999,9,09172,1","9,9,999,9,-003,1","3,1522,9","SYN07443272 32997 01401 10250 20212 39172 48522 333 10344 20208 59003 555 10106=",
"43272099999","2023-03-27T03:00:00","4","13.2","78.0666666","857.0","CHINTAMANI, IN","FM-12","99999","V020","320,1,N,0005,1","99999,9,9,N","010000,1,9,9","+0256,1","+0173,1","99999,9",,,,,,,,"240,M,+0337,1","240,N,+0213,1","99999,9,09175,1","9,9,999,9,+003,1","3,1525,9","SYN07443272 32997 03201 10256 20173 39175 48525 333 10337 20213 58003 555 10106=",
"43272099999","2023-03-28T03:00:00","4","13.2","78.0666666","857.0","CHINTAMANI, IN","FM-12","99999","V020","320,1,N,0010,1","99999,9,9,N","010000,1,9,9","+0252,1","+0153,1","99999,9",,,,,,,,"240,M,+0341,1","240,N,+0186,1","99999,9,09170,1","9,9,999,9,-005,1","3,1520,9","SYN07443272 32997 03202 10252 20153 39170 48520 333 10341 20186 59005 555 10106=",
"43272099999","2023-03-29T03:00:00","4","13.2","78.0666666","857.0","CHINTAMANI, IN","FM-12","99999","V020","320,1,N,0005,1","99999,9,9,N","010000,1,9,9","+0246,1","+0220,1","99999,9",,,,,,,,"240,M,+0344,1","240,N,+0214,1","99999,9,09184,1","9,9,999,9,+014,1","3,1531,9","SYN07443272 32997 03201 10246 20220 39184 48531 333 10344 20214 58014 555 10106=",
"43272099999","2023-03-31T03:00:00","4","13.2","78.0666666","857.0","CHINTAMANI, IN","FM-12","99999","V020","320,1,N,0005,1","99999,9,9,N","010000,1,9,9","+0252,1","+0178,1","99999,9",,,,,,,,"240,M,+0324,1","240,N,+0206,1","99999,9,09166,1","9,9,999,9,-007,1","3,1516,9","SYN07443272 32997 03201 10252 20178 39166 48516 333 10324 20206 59007 555 10112=",
"43272099999","2023-04-01T03:00:00","4","13.2","78.0666666","857.0","CHINTAMANI, IN","FM-12","99999","V020","999,9,C,0000,1","99999,9,9,N","010000,1,9,9","+0244,1","+0209,1","99999,9","24,0020,3,1",,,,,,,"240,M,+0322,1","240,N,+0210,1","99999,9,09170,1","9,9,999,9,+004,1","3,1518,9","SYN09243272 22997 02300 10244 20209 39170 48518 8//// 333 10322 20210 58004 6002/ 555 00016 10114=",
"43272099999","2023-04-05T03:00:00","4","13.2","78.0666666","857.0","CHINTAMANI, IN","FM-12","99999","V020","999,9,C,0000,1","99999,9,9,N","010000,1,9,9","+0244,1","+0180,1","99999,9",,,,,,,,"240,M,+0319,1","240,N,+0199,1","99999,9,09166,1","9,9,999,9,-006,1","3,1514,9","SYN08043272 32997 02300 10244 20180 39166 48514 8//// 333 10319 20199 59006 555 10114=",
"43272099999","2023-04-06T03:00:00","4","13.2","78.0666666","857.0","CHINTAMANI, IN","FM-12","99999","V020","140,1,N,0005,1","99999,9,9,N","010000,1,9,9","+0242,1","+0210,1","99999,9",,,,,,,,"240,M,+0341,1","240,N,+0209,1","99999,9,09175,1","9,9,999,9,+009,1","3,1523,9","SYN07443272 32997 01401 10242 20210 39175 48523 333 10341 20209 58009 555 10114=",
"43272099999","2023-04-07T03:00:00","4","13.2","78.0666666","857.0","CHINTAMANI, IN","FM-12","99999","V020","140,1,N,0005,1","99999,9,9,N","010000,1,9,9","+0238,1","+0208,1","99999,9",,,,,,,,"240,M,+0334,1","240,N,+0203,1","99999,9,09173,1","9,9,999,9,-002,1","3,1519,9","SYN07443272 32997 01401 10238 20208 39173 48519 333 10334 20203 59002 555 10114=",
"43272099999","2023-04-09T03:00:00","4","13.2","78.0666666","857.0","CHINTAMANI, IN","FM-12","99999","V020","140,1,N,0010,1","99999,9,9,N","010000,1,9,9","+0238,1","+0189,1","99999,9",,,,,,,,"240,M,+0341,1","240,N,+0173,1","99999,9,09193,1","9,9,999,9,-003,1","3,1536,9","SYN06443272 32997 01402 10238 20189 39193 48536 333 10341 20173 59003=",
"43272099999","2023-04-11T03:00:00","4","13.2","78.0666666","857.0","CHINTAMANI, IN","FM-12","99999","V020","140,1,N,0005,1","99999,9,9,N","010000,1,9,9","+0240,1","+0192,1","99999,9",,,,,,,,"240,M,+0335,1","240,N,+0167,1","99999,9,09191,1","9,9,999,9,-004,1","3,1535,9","SYN07443272 32997 01401 10240 20192 39191 48535 333 10335 20167 59004 555 10114=",
"43272099999","2023-04-13T03:00:00","4","13.2","78.0666666","857.0","CHINTAMANI, IN","FM-12","99999","V020","140,1,N,0005,1","99999,9,9,N","010000,1,9,9","+0270,1","+0133,1","99999,9",,,,,,,,"240,M,+0351,1","240,N,+0156,1","99999,9,09185,1","9,9,999,9,-006,1","3,1536,9","SYN06443272 32997 01401 10270 20133 39185 48536 333 10351 20156 59006=",
"43272099999","2023-04-17T03:00:00","4","13.2","78.0666666","857.0","CHINTAMANI, IN","FM-12","99999","V020","230,1,N,0005,1","99999,9,9,N","010000,1,9,9","+0270,1","+0161,1","99999,9",,,,,,,,"240,M,+0358,1","240,N,+0145,1","99999,9,09166,1","9,9,999,9,-019,1","3,1518,9","SYN07443272 32997 02301 10270 20161 39166 48518 333 10358 20145 59019 555 10114=",
"43272099999","2023-04-25T03:00:00","4","13.2","78.0666666","857.0","CHINTAMANI, IN","FM-12","99999","V020","140,1,N,0010,1","99999,9,9,N","010000,1,9,9","+0260,1","+0204,1","99999,9",,,,,,,,"240,M,+0351,1","240,N,+0217,1","99999,9,09163,1","9,9,999,9,+009,1","3,1513,9","SYN07443272 32997 01402 10260 20204 39163 48513 333 10351 20217 58009 555 10114=",
"43272099999","2023-04-26T03:00:00","4","13.2","78.0666666","857.0","CHINTAMANI, IN","FM-12","99999","V020","140,1,N,0005,1","99999,9,9,N","004000,1,9,9","+0248,1","+0210,1","99999,9",,,"02,1,+00800,1,06,1","99,9,+99999,9,03,1","99,9,+99999,9,00,1","9,AGL   ,+99999,+99999","05,99,1,02,1,99,9,00800,1,99,9,99,9","240,M,+0337,1","240,N,+0203,1","99999,9,09168,1","9,9,999,9,+005,1","3,1516,9","SYN08043272 32596 51401 10248 20210 39168 48516 82532 333 10337 20203 58005 555 10114=",
"43272099999","2023-04-27T03:00:00","4","13.2","78.0666666","857.0","CHINTAMANI, IN","FM-12","99999","V020","140,1,N,0005,1","99999,9,9,N","010000,1,9,9","+0260,1","+0188,1","99999,9",,,,,,,,"240,M,+0337,1","240,N,+0210,1","99999,9,09163,1","9,9,999,9,-005,1","3,1513,9","SYN07443272 32997 01401 10260 20188 39163 48513 333 10337 20210 59005 555 10114=",
"43272099999","2023-04-28T03:00:00","4","13.2","78.0666666","857.0","CHINTAMANI, IN","FM-12","99999","V020","140,1,N,0010,1","99999,9,9,N","010000,1,9,9","+0258,1","+0168,1","99999,9",,,,,,,,"240,M,+0341,1","240,N,+0200,1","99999,9,09174,1","9,9,999,9,+011,1","3,1524,9","SYN07443272 32997 01402 10258 20168 39174 48524 333 10341 20200 58011 555 10114=",
"43272099999","2023-04-29T03:00:00","4","13.2","78.0666666","857.0","CHINTAMANI, IN","FM-12","99999","V020","140,1,N,0005,1","99999,9,9,N","010000,1,9,9","+0268,1","+0200,1","99999,9",,,,,,,,"240,M,+0341,1","240,N,+0209,1","99999,9,09163,1","9,9,999,9,-011,1","3,1515,9","SYN07443272 32997 01401 10268 20200 39163 48515 333 10341 20209 59011 555 10114=",
"43272099999","2023-04-30T03:00:00","4","13.2","78.0666666","857.0","CHINTAMANI, IN","FM-12","99999","V020","140,1,N,0005,1","99999,9,9,N","010000,1,9,9","+0270,1","+0196,1","99999,9",,,,,,,,"240,M,+0343,1","240,N,+0213,1","99999,9,09161,1","9,9,999,9,-002,1","3,1513,9","SYN07443272 32997 01401 10270 20196 39161 48513 333 10343 20213 59002 555 10114=",
"43272099999","2023-05-01T03:00:00","4","13.2","78.0666666","857.0","CHINTAMANI, IN","FM-12","99999","V020","140,1,N,0005,1","99999,9,9,N","002000,1,9,9","+0264,1","+0192,1","99999,9","24,0060,3,1",,"03,1,+00800,1,07,1","99,9,+99999,9,03,1","99,9,+99999,9,00,1","9,AGL   ,+99999,+99999","07,99,1,03,1,99,9,00800,1,99,9,99,9","240,M,+0351,1","240,N,+0203,1","99999,9,09164,1",,"3,1516,9","SYN09843272 22595 71401 10264 20192 39164 48516 83742 333 10351 20203 56299 58003 6006/ 555 00055 10120=",
"43272099999","2023-05-02T03:00:00","4","13.2","78.0666666","857.0","CHINTAMANI, IN","FM-12","99999","V020","140,1,N,0015,1","99999,9,9,N","010000,1,9,9","+0236,1","+0218,1","99999,9","24,0070,3,1",,,,,,,"240,M,+0339,1","240,N,+0199,1","99999,9,09162,1","9,9,999,9,-002,1","3,1508,9","SYN08643272 22997 01403 10236 20218 39162 48508 333 10339 20199 59002 6007/ 555 00068 10127=",
"43272099999","2023-05-13T03:00:00","4","13.2","78.0666666","857.0","CHINTAMANI, IN","FM-12","99999","V020","230,1,N,0015,1","99999,9,9,N","002000,1,9,9","+0250,1","+0218,1","99999,9",,,"03,1,+00800,1,07,1","99,9,+99999,9,03,1","99,9,+99999,9,00,1","9,AGL   ,+99999,+99999","07,99,1,03,1,99,9,00800,1,99,9,99,9","240,M,+0341,1","240,N,+0229,1","99999,9,09156,1",,"3,1505,9","SYN08643272 32595 72303 10250 20218 39156 48505 83632 333 10341 20229 56299 59002 555 10160=",
"43272099999","2023-05-14T03:00:00","4","13.2","78.0666666","857.0","CHINTAMANI, IN","FM-12","99999","V020","230,1,N,0010,1","99999,9,9,N","010000,1,9,9","+0224,1","+0212,1","99999,9",,,,,,,,"240,M,+0341,1","240,N,+0217,1","99999,9,09156,1","9,9,999,9,+000,1","3,1501,9","SYN07443272 32997 02302 10224 20212 39156 48501 333 10341 20217 58000 555 10160=",
"43272099999","2023-05-15T03:00:00","4","13.2","78.0666666","857.0","CHINTAMANI, IN","FM-12","99999","V020","230,1,N,0026,1","99999,9,9,N","010000,1,9,9","+0268,1","+0213,1","99999,9",,,,,,,,"240,M,+0347,1","240,N,+0219,1","99999,9,09164,1","9,9,999,9,+008,1","3,1516,9","SYN07443272 32997 02305 10268 20213 39164 48516 333 10347 20219 58008 555 10160=",
"43272099999","2023-05-17T03:00:00","4","13.2","78.0666666","857.0","CHINTAMANI, IN","FM-12","99999","V020","320,1,N,0005,1","99999,9,9,N","010000,1,9,9","+0292,1","+0201,1","99999,9",,,,,,,,"240,M,+0358,1","240,N,+0208,1","99999,9,09171,1","9,9,999,9,+007,1","3,1530,9","SYN07443272 32997 03201 10292 20201 39171 48530 333 10358 20208 58007 555 10160=",
"43272099999","2023-05-18T03:00:00","4","13.2","78.0666666","857.0","CHINTAMANI, IN","FM-12","99999","V020","320,1,N,0005,1","99999,9,9,N","010000,1,9,9","+0300,1","+0213,1","99999,9",,,,,,,,"240,M,+0366,1","240,N,+0221,1","99999,9,09181,1","9,9,999,9,+010,1","3,1539,9","SYN07443272 32997 03201 10300 20213 39181 48539 333 10366 20221 58010 555 10160=",
"43272099999","2023-05-19T03:00:00","4","13.2","78.0666666","857.0","CHINTAMANI, IN","FM-12","99999","V020","230,1,N,0005,1","99999,9,9,N","010000,1,9,9","+0286,1","+0220,1","99999,9",,,,,,,,"240,M,+0361,1","240,N,+0231,1","99999,9,09171,1","9,9,999,9,-010,1","3,1518,9","SYN07443272 32997 02301 10286 20220 39171 48518 333 10361 20231 59010 555 10160=",
"43272099999","2023-05-20T03:00:00","4","13.2","78.0666666","857.0","CHINTAMANI, IN","FM-12","99999","V020","230,1,N,0010,1","99999,9,9,N","010000,1,9,9","+0258,1","+0208,1","99999,9",,,,,,,,"240,M,+0366,1","240,N,+0234,1","99999,9,09161,1","9,9,999,9,-010,1","3,1511,9","SYN07443272 32997 02302 10258 20208 39161 48511 333 10366 20234 59010 555 10160=",
"43272099999","2023-05-23T03:00:00","4","13.2","78.0666666","857.0","CHINTAMANI, IN","FM-12","99999","V020","999,9,C,0000,1","99999,9,9,N","010000,1,9,9","+0256,1","+0205,1","99999,9",,,,,,,,"240,M,+0361,1","240,N,+0197,1","99999,9,09186,1","9,9,999,9,+017,1","3,1535,9","SYN07443272 32997 03200 10256 20205 39186 48535 333 10361 20197 58017 555 10183=",
"43272099999","2023-05-25T03:00:00","4","13.2","78.0666666","857.0","CHINTAMANI, IN","FM-12","99999","V020","230,1,N,0015,1","99999,9,9,N","002000,1,9,9","+0252,1","+0208,1","99999,9","24,0080,3,1",,"03,1,+00800,1,07,1","99,9,+99999,9,03,1","99,9,+99999,9,00,1","9,AGL   ,+99999,+99999","07,99,1,03,1,99,9,00800,1,99,9,99,9","240,M,+0343,1","240,N,+0194,1","99999,9,09176,1",,"3,1526,9","SYN09843272 32595 72303 10252 20208 39176 48526 83742 333 10343 20194 56299 59004 6008/ 555 00080 10191=",
"43272099999","2023-05-26T03:00:00","4","13.2","78.0666666","857.0","CHINTAMANI, IN","FM-12","99999","V020","230,1,N,0015,1","99999,9,9,N","010000,1,9,9","+0256,1","+0190,1","99999,9",,,,,,,,"240,M,+0326,1","240,N,+0218,1","99999,9,09186,1","9,9,999,9,+010,1","3,1535,9","SYN06443272 32997 02303 10256 20190 39186 48535 333 10326 20218 58010=",
"43272099999","2023-05-27T03:00:00","4","13.2","78.0666666","857.0","CHINTAMANI, IN","FM-12","99999","V020","230,1,N,0010,1","99999,9,9,N","010000,1,9,9","+0260,1","+0201,1","99999,9",,,,,,,,"240,M,+0326,1","240,N,+0216,1","99999,9,09170,1","9,9,999,9,-016,1","3,1520,9","SYN07443272 32997 02302 10260 20201 39170 48520 333 10326 20216 59016 555 10191=",
"43272099999","2023-05-28T03:00:00","4","13.2","78.0666666","857.0","CHINTAMANI, IN","FM-12","99999","V020","320,1,N,0005,1","99999,9,9,N","010000,1,9,9","+0264,1","+0202,1","99999,9",,,,,,,,"240,M,+0332,1","240,N,+0218,1","99999,9,09165,1","9,9,999,9,-005,1","3,1517,9","SYN07443272 32997 03201 10264 20202 39165 48517 333 10332 20218 59005 555 10191=",
"43272099999","2023-05-30T03:00:00","4","13.2","78.0666666","857.0","CHINTAMANI, IN","FM-12","99999","V020","230,1,N,0010,1","99999,9,9,N","002000,1,9,9","+0282,1","+0206,1","99999,9",,,"03,1,+00800,1,07,1","99,9,+99999,9,03,1","99,9,+99999,9,00,1","9,AGL   ,+99999,+99999","06,99,1,03,1,99,9,00800,1,99,9,99,9","240,M,+0341,1","240,N,+0219,1","99999,9,09162,1",,"3,1519,9","SYN08643272 32595 62302 10282 20206 39162 48519 83632 333 10341 20219 56299 58007 555 10191=",
"43272099999","2023-06-02T03:00:00","4","13.2","78.0666666","857.0","CHINTAMANI, IN","FM-12","99999","V020","230,1,N,0010,1","99999,9,9,N","002000,1,9,9","+0250,1","+0215,1","99999,9",,,"03,1,+00800,1,07,1","99,9,+99999,9,03,1","99,9,+99999,9,00,1","9,AGL   ,+99999,+99999","08,99,1,03,1,99,9,00800,1,99,9,99,9","240,M,+0326,1","240,N,+0228,1","99999,9,09165,1",,"3,1513,9","SYN08043272 32595 82302 10250 20215 39165 48513 83742 333 10326 20228 56799 555 10000=",
"43272099999","2023-06-03T03:00:00","4","13.2","78.0666666","857.0","CHINTAMANI, IN","FM-12","99999","V020","320,1,N,0015,1","99999,9,9,N","002000,1,9,9","+0252,1","+0217,1","99999,9",,,"03,1,+00800,1,07,1","99,9,+99999,9,03,1","99,9,+99999,9,00,1","9,AGL   ,+99999,+99999","06,99,1,03,1,99,9,00800,1,99,9,99,9","240,M,+0332,1","240,N,+0225,1","99999,9,09164,1",,"3,1514,9","SYN08643272 32595 63203 10252 20217 39164 48514 83632 333 10332 20225 56299 59001 555 10000=",
"43272099999","2023-06-08T03:00:00","4","13.2","78.0666666","857.0","CHINTAMANI, IN","FM-12","99999","V020","320,1,N,0015,1","99999,9,9,N","010000,1,9,9","+0250,1","+0206,1","99999,9",,,,,,,,"240,M,+0331,1","240,N,+0223,1","99999,9,09143,1","9,9,999,9,-002,1","3,1492,9","SYN07443272 32997 03203 10250 20206 39143 48492 333 10331 20223 59002 555 10000=",
"43272099999","2023-06-09T03:00:00","4","13.2","78.0666666","857.0","CHINTAMANI, IN","FM-12","99999","V020","230,1,N,0015,1","99999,9,9,N","010000,1,9,9","+0252,1","+0226,1","99999,9","24,0060,3,1",,,,,,,"240,M,+0344,1","240,N,+0203,1","99999,9,09140,1","9,9,999,9,-003,1","3,1492,9","SYN08643272 22997 02303 10252 20226 39140 48492 333 10344 20203 59003 6006/ 555 00060 10006=",
"43272099999","2023-06-10T03:00:00","4","13.2","78.0666666","857.0","CHINTAMANI, IN","FM-12","99999","V020","230,1,N,0026,1","99999,9,9,N","010000,1,9,9","+0250,1","+0206,1","99999,9",,,,,,,,"240,M,+0337,1","240,N,+0209,1","99999,9,09126,1","9,9,999,9,-014,1","3,1476,9","SYN07443272 32997 02305 10250 20206 39126 48476 333 10337 20209 59014 555 10006=",
"43272099999","2023-06-11T03:00:00","4","13.2","78.0666666","857.0","CHINTAMANI, IN","FM-12","99999","V020","230,1,N,0015,1","99999,9,9,N","010000,1,9,9","+0254,1","+0207,1","99999,9",,,,,,,,"240,M,+0342,1","240,N,+0213,1","99999,9,09131,1","9,9,999,9,+005,1","3,1483,9","SYN07443272 32997 02303 10254 20207 39131 48483 333 10342 20213 58005 555 10006=",
"43272099999","2023-06-14T03:00:00","4","13.2","78.0666666","857.0","CHINTAMANI, IN","FM-12","99999","V020","230,1,N,0015,1","99999,9,9,N","010000,1,9,9","+0252,1","+0220,1","99999,9","24,0010,3,1",,,,,,,"240,M,+0335,1","240,N,+0209,1","99999,9,09145,1","9,9,999,9,+009,1","3,1496,9","SYN08643272 32997 02303 10252 20220 39145 48496 333 10335 20209 58009 6001/ 555 00010 10007=",
"43272099999","2023-06-16T03:00:00","4","13.2","78.0666666","857.0","CHINTAMANI, IN","FM-12","99999","V020","230,1,N,0010,1","99999,9,9,N","010000,1,9,9","+0256,1","+0218,1","99999,9",,,,,,,,"240,M,+0332,1","240,N,+0213,1","99999,9,09148,1","9,9,999,9,-006,1","3,1499,9","SYN07443272 32997 02302 10256 20218 39148 48499 333 10332 20213 59006 555 10007=",
"43272099999","2023-06-17T03:00:00","4","13.2","78.0666666","857.0","CHINTAMANI, IN","FM-12","99999","V020","230,1,N,0015,1","99999,9,9,N","010000,1,9,9","+0256,1","+0221,1","99999,9",,,,,,,,"240,M,+0341,1","240,N,+0216,1","99999,9,09143,1","9,9,999,9,-005,1","3,1494,9","SYN07443272 32997 02303 10256 20221 39143 48494 333 10341 20216 59005 555 10007=",
"43272099999","2023-06-18T03:00:00","4","13.2","78.0666666","857.0","CHINTAMANI, IN","FM-12","99999","V020","320,1,N,0010,1","99999,9,9,N","002000,1,9,9","+0252,1","+0220,1","99999,9",,,"06,1,+00800,1,09,1","99,9,+99999,9,03,1","99,9,+99999,9,00,1","9,AGL   ,+99999,+99999","07,99,1,06,1,99,9,00800,1,99,9,99,9","240,M,+0343,1","240,N,+0218,1","99999,9,09137,1",,"3,1489,9","SYN08643272 32595 73202 10252 20220 39137 48489 86332 333 10343 20218 56299 59006 555 10007=",
"43272099999","2023-06-20T03:00:00","4","13.2","78.0666666","857.0","CHINTAMANI, IN","FM-12","99999","V020","230,1,N,0010,1","99999,9,9,N","002000,1,9,9","+0202,1","+0190,1","99999,9","24,0380,3,1",,"03,1,+00800,1,07,1","99,9,+99999,9,03,1","99,9,+99999,9,00,1","9,AGL   ,+99999,+99999","08,99,1,03,1,99,9,00800,1,99,9,99,9","240,M,+0311,1","240,N,+0193,1","99999,9,09136,1",,"3,1478,9","SYN09843272 22595 82302 10202 20190 39136 48478 83742 333 10311 20193 56999 58008 6038/ 555 00382 10045=",
"43272099999","2023-06-21T03:00:00","4","13.2","78.0666666","857.0","CHINTAMANI, IN","FM-12","99999","V020","320,1,N,0005,1","99999,9,9,N","002000,1,9,9","+0240,1","+0211,1","99999,9","24,0010,3,1",,"03,1,+00800,1,07,1","99,9,+99999,9,03,1",,"9,AGL   ,+99999,+99999","08,99,1,03,1,99,9,00800,1,99,9,99,9","240,M,+0286,1","240,N,+0218,1","99999,9,09130,1",,"3,1478,9","SYN09843272 22595 83201 10240 20211 39130 48478 8374/ 333 10286 20218 56999 59006 6001/ 555 00014 10046=",
"43272099999","2023-06-22T03:00:00","4","13.2","78.0666666","857.0","CHINTAMANI, IN","FM-12","99999","V020","320,1,N,0015,1","99999,9,9,N","010000,1,9,9","+0248,1","+0216,1","99999,9","24,0020,3,1",,,,,,,"240,M,+0293,1","240,N,+0214,1","99999,9,09137,1","9,9,999,9,+007,1","3,1487,9","SYN08643272 22997 03203 10248 20216 39137 48487 333 10293 20214 58007 6002/ 555 00017 10048=",
"43272099999","2023-06-25T03:00:00","4","13.2","78.0666666","857.0","CHINTAMANI, IN","FM-12","99999","V020","320,1,N,0010,1","99999,9,9,N","002000,1,9,9","+0232,1","+0183,1","99999,9",,,"03,1,+00800,1,07,1","99,9,+99999,9,03,1","99,9,+99999,9,00,1","9,AGL   ,+99999,+99999","07,99,1,03,1,99,9,00800,1,99,9,99,9","240,M,+0303,1","240,N,+0208,1","99999,9,09130,1",,"3,1478,9","SYN07643272 32595 73202 10232 20183 39130 48478 83742 333 10303 20208 56299 59003=",
"43272099999","2023-06-27T03:00:00","4","13.2","78.0666666","857.0","CHINTAMANI, IN","FM-12","99999","V020","230,1,N,0010,1","99999,9,9,N","002000,1,9,9","+0230,1","+0194,1","99999,9",,,"03,1,+00800,1,07,1","99,9,+99999,9,03,1","99,9,+99999,9,00,1","9,AGL   ,+99999,+99999","06,99,1,03,1,99,9,00800,1,99,9,99,9","240,M,+0291,1","240,N,+0206,1","99999,9,09136,1",,"3,1482,9","SYN08643272 32595 62302 10230 20194 39136 48482 83632 333 10291 20206 56299 59001 555 10057=",
"43272099999","2023-06-29T03:00:00","4","13.2","78.0666666","857.0","CHINTAMANI, IN","FM-12","99999","V020","230,1,N,0015,1","99999,9,9,N","010000,1,9,9","+0246,1","+0211,1","99999,9",,,,,,,,"240,M,+0306,1","240,N,+0213,1","99999,9,09152,1","9,9,999,9,+005,1","3,1501,9","SYN07443272 32997 02303 10246 20211 39152 48501 333 10306 20213 58005 555 10057=",
"43272099999","2023-07-01T03:00:00","4","13.2","78.0666666","857.0","CHINTAMANI, IN","FM-12","99999","V020","320,1,N,0010,1","99999,9,9,N","010000,1,9,9","+0246,1","+0211,1","99999,9","24,0162,3,1",,"00,1,+99999,9,99,9",,,"9,AGL   ,+99999,+99999","99,99,9,00,1,99,9,99999,9,99,9,99,9","240,M,+0311,1","240,N,+0218,1","99999,9,09153,1","9,9,999,9,-005,1","3,1502,9","SYN07643272 22997 03202 10246 20211 39153 48502 80000 333 10311 20218 59005 70162=",
"43272099999","2023-07-03T03:00:00","4","13.2","78.0666666","857.0","CHINTAMANI, IN","FM-12","99999","V020","230,1,N,0015,1","99999,9,9,N","002000,1,9,9","+0232,1","+0183,1","99999,9",,,"03,1,+00800,1,07,1","99,9,+99999,9,03,1","99,9,+99999,9,00,1","9,AGL   ,+99999,+99999","06,99,1,03,1,99,9,00800,1,99,9,99,9","240,M,+0309,1","240,N,+0219,1","99999,9,09130,1",,"3,1478,9","SYN08643272 32595 62303 10232 20183 39130 48478 83632 333 10309 20219 56299 59021 555 10078=",
"43272099999","2023-07-09T03:00:00","4","13.2","78.0666666","857.0","CHINTAMANI, IN","FM-12","99999","V020","230,1,N,0015,1","99999,9,9,N","002000,1,9,9","+0225,1","+0188,1","99999,9","24,0040,3,2","24,0039,3,2","03,1,+00800,1,07,1","99,9,+99999,9,03,1","99,9,+99999,9,00,1","9,AGL   ,+99999,+99999","06,99,1,03,1,99,9,00800,1,99,9,99,9","240,M,+0286,1","240,N,+0210,1","99999,9,09155,1",,"3,1500,9","SYN08843272 32595 62303 10225 20188 39155 48500 83632 333 10286 20210 56299 59003 6004/ 70039=",
"43272099999","2023-07-12T03:00:00","4","13.2","78.0666666","857.0","CHINTAMANI, IN","FM-12","99999","V020","230,1,N,0015,1","99999,9,9,N","002000,1,9,9","+0236,1","+0197,1","99999,9",,,"03,1,+00800,1,07,1","99,9,+99999,9,03,1","99,9,+99999,9,00,1","9,AGL   ,+99999,+99999","06,99,1,03,1,99,9,00800,1,99,9,99,9","240,M,+0281,1","240,N,+0210,1","99999,9,09138,1",,"3,1486,9","SYN08643272 32595 62303 10236 20197 39138 48486 83632 333 10281 20210 56299 58000 555 10093=",
"43272099999","2023-07-13T03:00:00","4","13.2","78.0666666","857.0","CHINTAMANI, IN","FM-12","99999","V020","230,1,N,0010,1","99999,9,9,N","002000,1,9,9","+0240,1","+0208,1","99999,9","24,0010,3,2","24,0014,3,2","03,1,+00800,1,07,1","99,9,+99999,9,03,1","99,9,+99999,9,00,1","9,AGL   ,+99999,+99999","06,99,1,03,1,99,9,00800,1,99,9,99,9","240,M,+0240,1","240,N,+0208,1","99999,9,09138,1",,"3,1486,9","SYN08843272 22595 62302 10240 20208 39138 48486 83632 333 10240 20208 56299 58000 6001/ 70014=",
"43272099999","2023-07-14T03:00:00","4","13.2","78.0666666","857.0","CHINTAMANI, IN","FM-12","99999","V020","230,1,N,0021,1","99999,9,9,N","004000,1,9,9","+0236,1","+0197,1","99999,9",,,"02,1,+00800,1,06,1","99,9,+99999,9,03,1","99,9,+99999,9,00,1","9,AGL   ,+99999,+99999","05,99,1,02,1,99,9,00800,1,99,9,99,9","240,M,+0298,1","240,N,+0211,1","99999,9,09148,1",,"3,1495,9","SYN08643272 32596 52304 10236 20197 39148 48495 82532 333 10298 20211 56299 58010 555 10094=",
"43272099999","2023-07-15T03:00:00","4","13.2","78.0666666","857.0","CHINTAMANI, IN","FM-12","99999","V020","230,1,N,0015,1","99999,9,9,N","004000,1,9,9","+0308,1","+0202,1","99999,9",,,"02,1,+00800,1,06,1","99,9,+99999,9,03,1","99,9,+99999,9,00,1","9,AGL   ,+99999,+99999","05,99,1,02,1,99,9,00800,1,99,9,99,9","240,M,+0308,1","240,N,+0211,1","99999,9,09147,1",,"3,1494,9","SYN08643272 32596 52303 10308 20202 39147 48494 82532 333 10308 20211 56299 59001 555 10094=",
"43272099999","2023-07-19T03:00:00","4","13.2","78.0666666","857.0","CHINTAMANI, IN","FM-12","99999","V020","230,1,N,0031,1","99999,9,9,N","002000,1,9,9","+0230,1","+0200,1","99999,9",,,"03,1,+00800,1,07,1","99,9,+99999,9,03,1","99,9,+99999,9,00,1","9,AGL   ,+99999,+99999","08,99,1,03,1,99,9,00800,1,99,9,99,9","240,M,+0307,1","240,N,+0218,1","99999,9,09118,1",,"3,1465,9","SYN08643272 32595 82306 10230 20200 39118 48465 83742 333 10307 20218 56599 59015 555 10117=",
"43272099999","2023-07-21T03:00:00","4","13.2","78.0666666","857.0","CHINTAMANI, IN","FM-12","99999","V020","230,1,N,0010,1","99999,9,9,N","002000,1,9,9","+0240,1","+0211,1","99999,9",,,"03,1,+00800,1,07,1","99,9,+99999,9,03,1","99,9,+99999,9,00,1","9,AGL   ,+99999,+99999","07,99,1,03,1,99,9,00800,1,99,9,99,9","240,M,+0301,1","240,N,+0214,1","99999,9,09118,1",,"3,1462,9","SYN08643272 32595 72302 10240 20211 39118 48462 83742 333 10301 20214 56299 58005 555 10119=",
"43272099999","2023-07-24T03:00:00","4","13.2","78.0666666","857.0","CHINTAMANI, IN","FM-12","99999","V020","230,1,N,0026,1","99999,9,9,N","010000,1,9,9","+0222,1","+0204,1","99999,9","24,0030,3,2","24,0032,3,2","03,1,+00800,1,07,1","99,9,+99999,9,03,1","99,9,+99999,9,00,1","9,AGL   ,+99999,+99999","08,99,1,03,1,99,9,00800,1,99,9,99,9","240,M,+0301,1","240,N,+0209,1","99999,9,09140,1",,"3,1486,9","SYN10443272 22597 82305 10222 20204 39140 48486 83742 333 10301 20209 56999 58018 6003/ 70032 555 00032 10131=",
"43272099999","2023-07-25T03:00:00","4","13.2","78.0666666","857.0","CHINTAMANI, IN","FM-12","99999","V020","230,1,N,0021,1","99999,9,9,N","002000,1,9,9","+0220,1","+0199,1","99999,9","24,0050,3,2","24,0046,3,2","03,1,+00800,1,07,1","99,9,+99999,9,03,1","99,9,+99999,9,00,1","9,AGL   ,+99999,+99999","08,99,1,03,1,99,9,00800,1,99,9,99,9","240,M,+0267,1","240,N,+0211,1","99999,9,09130,1",,"3,1474,9","SYN10443272 22595 82304 10220 20199 39130 48474 83742 333 10267 20211 56999 59010 6005/ 70046 555 00046 10136=",
"43272099999","2023-07-27T03:00:00","4","13.2","78.0666666","857.0","CHINTAMANI, IN","FM-12","99999","V020","230,1,N,0026,1","99999,9,9,N","002000,1,9,9","+0220,1","+0190,1","99999,9","24,0100,3,1",,"03,1,+00800,1,07,1","99,9,+99999,9,03,1","99,9,+99999,9,00,1","9,AGL   ,+99999,+99999","08,99,1,03,1,99,9,00800,1,99,9,99,9","240,M,+0253,1","240,N,+0203,1","99999,9,09147,1",,"3,1489,9","SYN08243272 22595 82305 10220 20190 39147 48489 83742 333 10253 20203 56999 58014 6010/=",
"43272099999","2023-07-28T03:00:00","4","13.2","78.0666666","857.0","CHINTAMANI, IN","FM-12","99999","V020","230,1,N,0015,1","99999,9,9,N","010000,1,9,9","+0224,1","+0197,1","99999,9",,,,,,,,"240,M,+0279,1","240,N,+0213,1","99999,9,09148,1","9,9,999,9,+001,1","3,1493,9","SYN06443272 32997 02303 10224 20197 39148 48493 333 10279 20213 58001=",
"43272099999","2023-07-30T03:00:00","4","13.2","78.0666666","857.0","CHINTAMANI, IN","FM-12","99999","V020","230,1,N,0021,1","22000,1,9,N","010000,1,9,9","+0230,1","+0194,1","99999,9",,,,,,"9,AGL   ,+99999,+99999","03,99,1,99,9,99,9,99999,9,99,9,99,9","240,M,+0291,1","240,N,+0215,1","99999,9,09151,1","9,9,999,9,+001,1","3,1495,9","SYN07443272 32997 32304 10230 20194 39151 48495 333 10291 20215 58001 555 10154=",
"43272099999","2023-07-31T03:00:00","4","13.2","78.0666666","857.0","CHINTAMANI, IN","FM-12","99999","V020","320,1,N,0036,1","99999,9,9,N","010000,1,9,9","+0242,1","+0210,1","99999,9",,,,,,,,"240,M,+0302,1","240,N,+0201,1","99999,9,09148,1","9,9,999,9,-003,1","3,1497,9","SYN07443272 32997 03207 10242 20210 39148 48497 333 10302 20201 59003 555 10154=",
"43272099999","2023-08-01T03:00:00","4","13.2","78.0666666","857.0","CHINTAMANI, IN","FM-12","99999","V020","320,1,N,0021,1","99999,9,9,N","004000,1,9,9","+0236,1","+0194,1","99999,9",,,"03,1,+00800,1,07,1","99,9,+99999,9,03,1","99,9,+99999,9,00,1","9,AGL   ,+99999,+99999","07,99,1,03,1,99,9,00800,1,99,9,99,9","240,M,+0311,1","240,N,+0213,1","99999,9,09147,1",,"3,1494,9","SYN08643272 32596 73204 10236 20194 39147 48494 83742 333 10311 20213 56299 59001 555 10154=",
"43272099999","2023-08-02T03:00:00","4","13.2","78.0666666","857.0","CHINTAMANI, IN","FM-12","99999","V020","230,1,N,0026,1","99999,9,9,N","010000,1,9,9","+0230,1","+0191,1","99999,9",,,,,,,,"240,M,+0301,1","240,N,+0198,1","99999,9,09148,1","9,9,999,9,+001,1","3,1493,9","SYN08043272 32997 02305 10230 20191 39148 48493 8//// 333 10301 20198 58001 555 10154=",
"43272099999","2023-08-03T03:00:00","4","13.2","78.0666666","857.0","CHINTAMANI, IN","FM-12","99999","V020","230,1,N,0021,1","99999,9,9,N","010000,1,9,9","+0240,1","+0192,1","99999,9",,,,,,,,"240,M,+0306,1","240,N,+0213,1","99999,9,09147,1","9,9,999,9,-001,1","3,1494,9","SYN07443272 32997 02304 10240 20192 39147 48494 333 10306 20213 59001 555 10154=",
"43272099999","2023-08-04T03:00:00","4","13.2","78.0666666","857.0","CHINTAMANI, IN","FM-12","99999","V020","230,1,N,0021,1","99999,9,9,N","010000,1,9,9","+0238,1","+0193,1","99999,9",,,,,,,,"240,M,+0309,1","240,N,+0198,1","99999,9,09157,1","9,9,999,9,+010,1","3,1504,9","SYN07443272 32997 02304 10238 20193 39157 48504 333 10309 20198 58010 555 10154=",
"43272099999","2023-08-07T03:00:00","4","13.2","78.0666666","857.0","CHINTAMANI, IN","FM-12","99999","V020","230,1,N,0010,1","99999,9,9,N","002000,1,9,9","+0238,1","+0180,1","99999,9","24,0030,3,2","24,0028,3,2","03,1,+00800,1,07,1","99,9,+99999,9,03,1","99,9,+99999,9,00,1","9,AGL   ,+99999,+99999","06,99,1,03,1,99,9,00800,1,99,9,99,9","240,M,+0316,1","240,N,+0204,1","99999,9,09157,1",,"3,1504,9","SYN10443272 22595 62302 10238 20180 39157 48504 83632 333 10316 20204 56299 59018 6003/ 70028 555 00028 10158=",
"43272099999","2023-08-08T03:00:00","4","13.2","78.0666666","857.0","CHINTAMANI, IN","FM-12","99999","V020","230,1,N,0010,1","99999,9,9,N","010000,1,9,9","+0238,1","+0196,1","99999,9",,,,,,,,"240,M,+0311,1","240,N,+0208,1","99999,9,09151,1","9,9,999,9,-006,1","3,1498,9","SYN07443272 32997 02302 10238 20196 39151 48498 333 10311 20208 59006 555 10158=",
"43272099999","2023-08-09T03:00:00","4","13.2","78.0666666","857.0","CHINTAMANI, IN","FM-12","99999","V020","230,1,N,0010,1","99999,9,9,N","010000,1,9,9","+0248,1","+0191,1","99999,9",,,,,,,,"240,M,+0304,1","240,N,+0209,1","99999,9,09171,1","9,9,999,9,+020,1","3,1518,9","SYN07043272 32997 02302 10248 20191 39171 48518 8//// 333 10304 20209 58020=",
"43272099999","2023-08-11T03:00:00","4","13.2","78.0666666","857.0","CHINTAMANI, IN","FM-12","99999","V020","050,1,N,0010,1","99999,9,9,N","002000,1,9,9","+0232,1","+0208,1","99999,9","24,0020,3,2","24,0015,3,2","03,1,+00800,1,07,1","99,9,+99999,9,03,1","99,9,+99999,9,00,1","9,AGL   ,+99999,+99999","06,99,1,03,1,99,9,00800,1,99,9,99,9","240,M,+0311,1","240,N,+0217,1","99999,9,09166,1",,"3,1512,9","SYN08843272 22595 60502 10232 20208 39166 48512 83632 333 10311 20217 56299 59009 6002/ 70015=",
"43272099999","2023-08-14T03:00:00","4","13.2","78.0666666","857.0","CHINTAMANI, IN","FM-12","99999","V020","320,1,N,0010,1","99999,9,9,N","002000,1,9,9","+0246,1","+0208,1","99999,9",,,"03,1,+00800,1,07,1","99,9,+99999,9,03,1","99,9,+99999,9,00,1","9,AGL   ,+99999,+99999","06,99,1,03,1,99,9,00800,1,99,9,99,9","240,M,+0321,1","240,N,+0210,1","99999,9,09165,1",,"3,1513,9","SYN08643272 32595 63202 10246 20208 39165 48513 83632 333 10321 20210 56299 59002 555 10160=",
"43272099999","2023-08-16T03:00:00","4","13.2","78.0666666","857.0","CHINTAMANI, IN","FM-12","99999","V020","320,1,N,0005,1","99999,9,9,N","010000,1,9,9","+0240,1","+0195,1","99999,9",,,,,,,,"240,M,+0326,1","240,N,+0213,1","99999,9,09165,1","9,9,999,9,+001,1","3,1511,9","SYN07443272 32997 03201 10240 20195 39165 48511 333 10326 20213 58001 555 10160=",
"43272099999","2023-08-18T03:00:00","4","13.2","78.0666666","857.0","CHINTAMANI, IN","FM-12","99999","V020","270,1,N,0015,1","99999,9,9,N","010000,1,9,9","+0250,1","+0193,1","99999,9",,,,,,,,"240,M,+0318,1","240,N,+0217,1","99999,9,09153,1","9,9,999,9,-011,1","3,1502,9","SYN07443272 32997 02703 10250 20193 39153 48502 333 10318 20217 59011 555 10160=",
"43272099999","2023-08-21T03:00:00","4","13.2","78.0666666","857.0","CHINTAMANI, IN","FM-12","99999","V020","320,1,N,0010,1","99999,9,9,N","010000,1,9,9","+0248,1","+0207,1","99999,9",,,,,,,,"240,M,+0306,1","240,N,+0206,1","99999,9,09147,1","9,9,999,9,-001,1","3,1496,9","SYN07443272 32997 03202 10248 20207 39147 48496 333 10306 20206 59001 555 10166=",
"43272099999","2023-08-22T03:00:00","4","13.2","78.0666666","857.0","CHINTAMANI, IN","FM-12","99999","V020","320,1,N,0010,1","99999,9,9,N","010000,1,9,9","+0248,1","+0197,1","99999,9",,,,,,,,"240,M,+0321,1","240,N,+0213,1","99999,9,09146,1","9,9,999,9,-001,1","3,1495,9","SYN07443272 32997 03202 10248 20197 39146 48495 333 10321 20213 59001 555 10166=",
"43272099999","2023-08-25T03:00:00","4","13.2","78.0666666","857.0","CHINTAMANI, IN","FM-12","99999","V020","230,1,N,0005,1","99999,9,9,N","010000,1,9,9","+0240,1","+0201,1","99999,9",,,,,,,,"240,M,+0321,1","240,N,+0203,1","99999,9,09150,1","9,9,999,9,+003,1","3,1497,9","SYN07443272 32997 02301 10240 20201 39150 48497 333 10321 20203 58003 555 10166=",
"43272099999","2023-08-26T03:00:00","4","13.2","78.0666666","857.0","CHINTAMANI, IN","FM-12","99999","V020","320,1,N,0005,1","99999,9,9,N","002000,1,9,9","+0250,1","+0206,1","99999,9",,,"03,1,+00800,1,07,1","99,9,+99999,9,03,1","99,9,+99999,9,00,1","9,AGL   ,+99999,+99999","06,99,1,03,1,99,9,00800,1,99,9,99,9","240,M,+0341,1","240,N,+0219,1","99999,9,09159,1",,"3,1508,9","SYN08643272 32595 63201 10250 20206 39159 48508 83632 333 10341 20219 56299 58009 555 10166=",
"43272099999","2023-08-27T03:00:00","4","13.2","78.0666666","857.0","CHINTAMANI, IN","FM-12","99999","V020","320,1,N,0005,1","99999,9,9,N","002000,1,9,9","+0252,1","+0198,1","99999,9",,,"03,1,+00800,1,07,1","99,9,+99999,9,03,1","99,9,+99999,9,00,1","9,AGL   ,+99999,+99999","06,99,1,03,1,99,9,00800,1,99,9,99,9","240,M,+0323,1","240,N,+0233,1","99999,9,09169,1",,"3,1519,9","SYN08643272 32595 63201 10252 20198 39169 48519 83632 333 10323 20233 56299 58010 555 10166=",
"43272099999","2023-08-28T03:00:00","4","13.2","78.0666666","857.0","CHINTAMANI, IN","FM-12","99999","V020","320,1,N,0010,1","99999,9,9,N","010000,1,9,9","+0262,1","+0190,1","99999,9",,,,,,,,"240,M,+0333,1","240,N,+0223,1","99999,9,09163,1","9,9,999,9,-006,1","3,1515,9","SYN07443272 32997 03202 10262 20190 39163 48515 333 10333 20223 59006 555 10166=",
"43272099999","2023-08-29T03:00:00","4","13.2","78.0666666","857.0","CHINTAMANI, IN","FM-12","99999","V020","320,1,N,0015,1","99999,9,9,N","010000,1,9,9","+0248,1","+0191,1","99999,9",,,,,,,,"240,M,+0344,1","240,N,+0228,1","99999,9,09153,1","9,9,999,9,-010,1","3,1502,9","SYN07443272 32997 03203 10248 20191 39153 48502 333 10344 20228 59010 555 10166=",
"43272099999","2023-08-30T03:00:00","4","13.2","78.0666666","857.0","CHINTAMANI, IN","FM-12","99999","V020","320,1,N,0005,1","99999,9,9,N","010000,1,9,9","+0250,1","+0193,1","99999,9",,,,,,,,"240,M,+0332,1","240,N,+0213,1","99999,9,09153,1","9,9,999,9,+000,1","3,1502,9","SYN07443272 32997 03201 10250 20193 39153 48502 333 10332 20213 58000 555 10166=",
"43272099999","2023-09-01T03:00:00","4","13.2","78.0666666","857.0","CHINTAMANI, IN","FM-12","99999","V020","320,1,N,0010,1","99999,9,9,N","010000,1,9,9","+0232,1","+0186,1","99999,9","24,0410,3,2","24,0408,3,2",,,,,,"240,M,+0316,1","240,N,+0203,1","99999,9,09146,1","9,9,999,9,+007,1","3,1493,9","SYN09243272 22997 03202 10232 20186 39146 48493 333 10316 20203 58007 6041/ 70408 555 00408 10207=",
"43272099999","2023-09-03T03:00:00","4","13.2","78.0666666","857.0","CHINTAMANI, IN","FM-12","99999","V020","320,1,N,0010,1","99999,9,9,N","002000,1,9,9","+0212,1","+0203,1","99999,9","24,0400,3,1",,"03,1,+00800,1,07,1","99,9,+99999,9,03,1","99,9,+99999,9,00,1","9,AGL   ,+99999,+99999","07,99,1,03,1,99,9,00800,1,99,9,99,9","240,M,+0301,1","240,N,+0203,1","99999,9,09145,1",,"3,1487,9","SYN10443272 22595 73202 10212 20203 39145 48487 83742 333 10301 20203 56299 59002 6040/ 70400 555 00400 10251=",
"43272099999","2023-09-04T12:00:00","4","13.2","78.0666666","857.0","CHINTAMANI, IN","FM-12","99999","V020","230,1,N,0010,1","99999,9,9,N","002000,1,9,9","+0246,1","+0192,1","99999,9",,,"03,1,+00800,1,08,1","99,9,+99999,9,03,1","99,9,+99999,9,00,1","9,AGL   ,+99999,+99999","07,99,1,03,1,99,9,00800,1,99,9,99,9","240,M,+0291,1",,"99999,9,09111,1",,"3,1462,9","SYN07043272 32595 72302 10246 20192 39111 48462 83242 333 10291 56299 59016=",
"43272099999","2023-09-05T03:00:00","4","13.2","78.0666666","857.0","CHINTAMANI, IN","FM-12","99999","V020","230,1,N,0010,1","99999,9,9,N","002000,1,9,9","+0214,1","+0177,1","99999,9","24,0100,3,2","24,0096,3,2","03,1,+00800,1,07,1","99,9,+99999,9,03,1","99,9,+99999,9,00,1","9,AGL   ,+99999,+99999","08,99,1,03,1,99,9,00800,1,99,9,99,9","240,M,+0261,1","240,N,+0203,1","99999,9,09129,1",,"3,1473,9","SYN10443272 22595 82302 10214 20177 39129 48473 83742 333 10261 20203 56999 58003 6010/ 70096 555 00096 10261=",
"43272099999","2023-09-08T03:00:00","4","13.2","78.0666666","857.0","CHINTAMANI, IN","FM-12","99999","V020","320,1,N,0015,1","99999,9,9,N","010000,1,9,9","+0236,1","+0197,1","99999,9",,,"03,1,+00800,1,07,1","99,9,+99999,9,03,1","99,9,+99999,9,00,1","9,AGL   ,+99999,+99999","07,99,1,03,1,99,9,00800,1,99,9,99,9","240,M,+0311,1","240,N,+0211,1","99999,9,09134,1",,"3,1482,9","SYN08643272 32597 73203 10236 20197 39134 48482 83742 333 10311 20211 56299 58001 555 10261=",
"43272099999","2023-09-10T03:00:00","4","13.2","78.0666666","857.0","CHINTAMANI, IN","FM-12","99999","V020","320,1,N,0021,1","99999,9,9,N","002000,1,9,9","+0240,1","+0195,1","99999,9",,,"03,1,+00800,1,07,1","99,9,+99999,9,03,1","99,9,+99999,9,00,1","9,AGL   ,+99999,+99999","06,99,1,03,1,99,9,00800,1,99,9,99,9","240,M,+0313,1",,"99999,9,09138,1",,"3,1486,9","SYN08043272 32595 63204 10240 20195 39138 48486 83632 333 10313 56299 58001 555 10261=",
"43272099999","2023-09-11T03:00:00","4","13.2","78.0666666","857.0","CHINTAMANI, IN","FM-12","99999","V020","230,1,N,0010,1","99999,9,9,N","004000,1,9,9","+0234,1","+0198,1","99999,9",,,"03,1,+00800,1,07,1","99,9,+99999,9,03,1","99,9,+99999,9,00,1","9,AGL   ,+99999,+99999","06,99,1,03,1,99,9,00800,1,99,9,99,9","240,M,+0321,1","240,N,+0208,1","99999,9,09142,1",,"3,1489,9","SYN08643272 32596 62302 10234 20198 39142 48489 83632 333 10321 20208 56299 58004 555 10261=",
"43272099999","2023-09-13T03:00:00","4","13.2","78.0666666","857.0","CHINTAMANI, IN","FM-12","99999","V020","230,1,N,0015,1","99999,9,9,N","010000,1,9,9","+0240,1","+0188,1","99999,9",,,,,,,,"240,M,+0301,1","240,N,+0208,1","99999,9,09146,1","9,9,999,9,+003,1","3,1493,9","SYN07443272 32997 02303 10240 20188 39146 48493 333 10301 20208 58003 555 10261=",
"43272099999","2023-09-16T03:00:00","4","13.2","78.0666666","857.0","CHINTAMANI, IN","FM-12","99999","V020","270,1,N,0021,1","99999,9,9,N","002000,1,9,9","+0244,1","+0202,1","99999,9","24,0000,9,1",,"03,1,+00800,1,07,1","99,9,+99999,9,03,1","99,9,+99999,9,00,1","9,AGL   ,+99999,+99999","07,99,1,03,1,99,9,00800,1,99,9,99,9","240,M,+0301,1","240,N,+0218,1","99999,9,09145,1",,"3,1494,9","SYN09243272 22595 72704 10244 20202 39145 48494 83742 333 10301 20218 56299 59001 6990/ 555 10261=","Q01  00002PRCP24"
"43272099999","2023-09-19T03:00:00","4","13.2","78.0666666","857.0","CHINTAMANI, IN","FM-12","99999","V020","230,1,N,0005,1","99999,9,9,N","010000,1,9,9","+0240,1","+0192,1","99999,9",,,,,,,,"240,M,+0304,1","240,N,+0205,1","99999,9,09152,1","9,9,999,9,+008,1","3,1499,9","SYN07443272 32997 02301 10240 20192 39152 48499 333 10304 20205 58008 555 10278=",
"43272099999","2023-09-21T03:00:00","4","13.2","78.0666666","857.0","CHINTAMANI, IN","FM-12","99999","V020","230,1,N,0005,1","99999,9,9,N","002000,1,9,9","+0230,1","+0200,1","99999,9",,,"03,1,+00800,1,07,1","99,9,+99999,9,03,1","99,9,+99999,9,00,1","9,AGL   ,+99999,+99999","08,99,1,03,1,99,9,00800,1,99,9,99,9","240,M,+0306,1","240,N,+0218,1","99999,9,09165,1",,"3,1508,9","SYN08643272 32595 82301 10230 20200 39165 48508 83742 333 10306 20218 56799 58009 555 10278=",
"43272099999","2023-10-05T03:00:00","4","13.2","78.0666666","857.0","CHINTAMANI, IN","FM-12","99999","V020","999,9,C,0000,1","99999,9,9,N","002000,1,9,9","+0242,1","+0210,1","99999,9",,,"03,1,+00800,1,07,1","99,9,+99999,9,03,1","99,9,+99999,9,00,1","9,AGL   ,+99999,+99999","06,99,1,03,1,99,9,00800,1,99,9,99,9","240,M,+0301,1","240,N,+0212,1","99999,9,09167,1",,"3,1515,9","SYN08643272 32595 63200 10242 20210 39167 48515 83632 333 10301 20212 56299 58002 555 10000=",
"43272099999","2023-10-07T03:00:00","4","13.2","78.0666666","857.0","CHINTAMANI, IN","FM-12","99999","V020","999,9,C,0000,1","99999,9,9,N","010000,1,9,9","+0250,1","+0206,1","99999,9",,,,,,,,"240,M,+0301,1","240,N,+0211,1","99999,9,09165,1","9,9,999,9,+002,1","3,1514,9","SYN08043272 32997 03200 10250 20206 39165 48514 8//// 333 10301 20211 58002 555 10000=",
"43272099999","2023-10-08T03:00:00","4","13.2","78.0666666","857.0","CHINTAMANI, IN","FM-12","99999","V020","320,1,N,0005,1","99999,9,9,N","002000,1,9,9","+0248,1","+0204,1","99999,9",,,"03,1,+00800,1,07,1","99,9,+99999,9,03,1","99,9,+99999,9,00,1","9,AGL   ,+99999,+99999","06,99,1,03,1,99,9,00800,1,99,9,99,9","240,M,+0303,1","240,N,+0213,1","99999,9,09162,1",,"2,0515,9","SYN08643272 32595 63201 10248 20204 39162 42515 83632 333 10303 20213 56299 58002 555 10000=",
"43272099999","2023-10-09T03:00:00","4","13.2","78.0666666","857.0","CHINTAMANI, IN","FM-12","99999","V020","320,1,N,0005,1","99999,9,9,N","000500,1,9,9","+0240,1","+9999,9","99999,9","24,0040,3,1",,"03,1,+00800,1,07,1","99,9,+99999,9,03,1","99,9,+99999,9,00,1","9,AGL   ,+99999,+99999","06,99,1,03,1,99,9,00800,1,99,9,99,9","240,M,+0326,1","240,N,+0209,1","99999,9,09193,1",,"3,1537,9","SYN09843272 22593 63201 10240 20326 39193 48537 83632 333 10326 20209 56299 58026 6004/ 555 00043 10004=","Q0132.6  2ATOD  "
"43272099999","2023-10-10T03:00:00","4","13.2","78.0666666","857.0","CHINTAMANI, IN","FM-12","99999","V020","999,9,C,0000,1","22000,1,9,N","002000,1,9,9","+0240,1","+0231,1","99999,9","24,0050,3,1",,"03,2,+00800,1,07,1","99,9,+99999,9,03,1","99,9,+99999,9,00,1","9,AGL   ,+99999,+99999","02,99,2,03,2,99,9,00800,1,99,9,99,9","240,M,+0311,1","240,N,+0208,1","99999,9,09187,1",,"3,1531,9","SYN09843272 22595 20500 10240 20231 39187 48531 83742 333 10311 20208 56299 59006 6005/ 555 00050 10009=",
"43272099999","2023-10-13T03:00:00","4","13.2","78.0666666","857.0","CHINTAMANI, IN","FM-12","99999","V020","999,9,C,0000,1","99999,9,9,N","010000,1,9,9","+0236,1","+0164,1","99999,9",,,,,,,,"240,M,+0313,1","240,N,+0165,1","99999,9,09193,1","9,9,999,9,+006,1","3,1537,9","SYN08043272 32997 01400 10236 20164 39193 48537 8//// 333 10313 20165 58006 555 10014=",
"43272099999","2023-10-14T03:00:00","4","13.2","78.0666666","857.0","CHINTAMANI, IN","FM-12","99999","V020","999,9,C,0000,1","99999,9,9,N","002000,1,9,9","+0230,1","+0160,1","99999,9",,,"03,1,+00800,1,07,1","99,9,+99999,9,03,1","99,9,+99999,9,00,1","9,AGL   ,+99999,+99999","06,99,1,03,1,99,9,00800,1,99,9,99,9","240,M,+0311,1","240,N,+0163,1","99999,9,09192,1","9,9,999,9,-001,1","3,1534,9","SYN08643272 32595 61400 10230 20160 39192 48534 83632 333 10311 20163 59001 56299 555 10014=",
"43272099999","2023-10-15T03:00:00","4","13.2","78.0666666","857.0","CHINTAMANI, IN","FM-12","99999","V020","999,9,C,0000,1","99999,9,9,N","010000,1,9,9","+0309,1","+0163,1","99999,9",,,,,,,,"240,M,+0309,1","240,N,+0163,1","99999,9,09190,1","9,9,999,9,-002,1","3,1541,9","SYN08043272 32997 01400 10309 20163 39190 48541 8//// 333 10309 20163 59002 555 10014=",
"43272099999","2023-10-16T03:00:00","4","13.2","78.0666666","857.0","CHINTAMANI, IN","FM-12","99999","V020","999,9,C,0000,1","99999,9,9,N","002000,1,9,9","+0240,1","+0204,1","99999,9",,,"03,1,+00800,1,07,1","99,9,+99999,9,03,1","99,9,+99999,9,00,1","9,AGL   ,+99999,+99999","06,99,1,03,1,99,9,00800,1,99,9,99,9","240,M,+0321,1","240,N,+0193,1","99999,9,09180,1",,"3,1525,9","SYN08643272 32595 60500 10240 20204 39180 48525 83632 333 10321 20193 56299 59010 555 10014=",
"43272099999","2023-10-17T03:00:00","4","13.2","78.0666666","857.0","CHINTAMANI, IN","FM-12","99999","V020","999,9,C,0000,1","99999,9,9,N","010000,1,9,9","+0246,1","+0205,1","99999,9",,,,,,,,"240,M,+0311,1","240,N,+0210,1","99999,9,09190,1","9,9,999,9,+010,1","3,1537,9","SYN08043272 32997 00900 10246 20205 39190 48537 8//// 333 10311 20210 58010 555 10014=",
"43272099999","2023-10-18T03:00:00","4","13.2","78.0666666","857.0","CHINTAMANI, IN","FM-12","99999","V020","999,9,C,0000,1","99999,9,9,N","010000,1,9,9","+0240,1","+0139,1","99999,9",,,,,,,,"240,M,+0313,1","240,N,+0163,1","99999,9,09196,1","9,9,999,9,+006,1","3,1540,9","SYN08043272 32997 00500 10240 20139 39196 48540 8//// 333 10313 20163 58006 555 10014=",
"43272099999","2023-10-19T03:00:00","4","13.2","78.0666666","857.0","CHINTAMANI, IN","FM-12","99999","V020","999,9,C,0000,1","99999,9,9,N","010000,1,9,9","+0240,1","+0161,1","99999,9",,,,,,,,"240,M,+0308,1","240,N,+0173,1","99999,9,09198,1","9,9,999,9,+002,1","3,1542,9","SYN08043272 32997 00500 10240 20161 39198 48542 8//// 333 10308 20173 58002 555 10014=",
"43272099999","2023-10-20T03:00:00","4","13.2","78.0666666","857.0","CHINTAMANI, IN","FM-12","99999","V020","999,9,C,0000,1","99999,9,9,N","010000,1,9,9","+0242,1","+0170,1","99999,9",,,,,,,,"240,M,+0309,1","240,N,+0173,1","99999,9,09198,1","9,9,999,9,+000,1","3,1544,9","SYN08043272 32997 00500 10242 20170 39198 48544 8//// 333 10309 20173 58000 555 10014=",
"43272099999","2023-10-21T03:00:00","4","13.2","78.0666666","857.0","CHINTAMANI, IN","FM-12","99999","V020","999,9,C,0000,1","99999,9,9,N","010000,1,9,9","+0246,1","+0192,1","99999,9",,,,,,,,"240,M,+0311,1","240,N,+0193,1","99999,9,09196,1","9,9,999,9,-002,1","3,1542,9","SYN08043272 32997 00500 10246 20192 39196 48542 8//// 333 10311 20193 59002 555 10014=",
"43272099999","2023-10-22T03:00:00","4","13.2","78.0666666","857.0","CHINTAMANI, IN","FM-12","99999","V020","999,9,C,0000,1","99999,9,9,N","010000,1,9,9","+0238,1","+0193,1","99999,9",,,,,,,,"240,M,+0309,1","240,N,+0188,1","99999,9,09198,1","9,9,999,9,+002,1","3,1542,9","SYN08043272 32997 00500 10238 20193 39198 48542 8//// 333 10309 20188 58002 555 10014=",
"43272099999","2023-10-24T03:00:00","4","13.2","78.0666666","857.0","CHINTAMANI, IN","FM-12","99999","V020","360,1,N,0010,1","99999,9,9,N","010000,1,9,9","+0234,1","+0131,1","99999,9",,,,,,,,"240,M,+0303,1","240,N,+0138,1","99999,9,09189,1","9,9,999,9,+002,1","3,1533,9","SYN08043272 32997 03602 10234 20131 39189 48533 8//// 333 10303 20138 58002 555 10014=",
"43272099999","2023-10-26T03:00:00","4","13.2","78.0666666","857.0","CHINTAMANI, IN","FM-12","99999","V020","999,9,C,0000,1","99999,9,9,N","010000,1,9,9","+0309,1","+0180,1","99999,9",,,,,,,,"240,M,+0309,1","240,N,+0159,1","99999,9,09208,1","9,9,999,9,+008,1","3,1546,9","SYN08043272 32997 00500 10309 20180 39208 48546 8//// 333 10309 20159 58008 555 10014=",
"43272099999","2023-10-27T03:00:00","4","13.2","78.0666666","857.0","CHINTAMANI, IN","FM-12","99999","V020","999,9,C,0000,1","99999,9,9,N","010000,1,9,9","+0230,1","+0174,1","99999,9",,,,,,,,"240,M,+0309,1","240,N,+0165,1","99999,9,09190,1","9,9,999,9,-018,1","3,1532,9","SYN08043272 32997 00500 10230 20174 39190 48532 8//// 333 10309 20165 59018 555 10014=",
"43272099999","2023-10-28T03:00:00","4","13.2","78.0666666","857.0","CHINTAMANI, IN","FM-12","99999","V020","999,9,C,0000,1","99999,9,9,N","010000,1,9,9","+0238,1","+0196,1","99999,9",,,,,,,,"240,M,+0306,1","240,N,+0197,1","99999,9,09191,1","9,9,999,9,+001,1","3,1535,9","SYN08043272 32997 01400 10238 20196 39191 48535 8//// 333 10306 20197 58001 555 10014=",
"43272099999","2023-11-03T03:00:00","4","13.2","78.0666666","857.0","CHINTAMANI, IN","FM-12","99999","V020","050,1,N,0005,1","99999,9,9,N","010000,1,9,9","+0242,1","+9999,9","99999,9",,,,,,,,"240,M,+0295,1","240,N,+0195,1","99999,9,09175,1","9,9,999,9,-003,1","3,1523,9","SYN07443272 32997 00501 10242 39175 48523 8//// 333 10295 20195 59003 555 10014=",
"43272099999","2023-11-04T03:00:00","4","13.2","78.0666666","857.0","CHINTAMANI, IN","FM-12","99999","V020","140,1,N,0005,1","99999,9,9,N","002000,1,9,9","+0234,1","+0198,1","99999,9",,,"03,1,+00800,1,07,1","99,9,+99999,9,03,1","99,9,+99999,9,00,1","9,AGL   ,+99999,+99999","07,99,1,03,1,99,9,00800,1,99,9,99,9","240,M,+0304,1","240,N,+0198,1","99999,9,09172,1",,"3,1518,9","SYN07643272 32595 71401 10234 20198 39172 48518 83742 333 10304 20198 56299 59003=",
"43272099999","2023-11-05T03:00:00","4","13.2","78.0666666","857.0","CHINTAMANI, IN","FM-12","99999","V020","140,1,N,0005,1","99999,9,9,N","002000,1,9,9","+0220,1","+0186,1","99999,9","24,0290,3,1",,"03,1,+00800,1,07,1","99,9,+99999,9,03,1","99,9,+99999,9,00,1","9,AGL   ,+99999,+99999","06,99,1,03,1,99,9,00800,1,99,9,99,9","240,M,+0296,1","240,N,+0188,1","99999,9,09170,1",,"3,1511,9","SYN09843272 22595 61401 10220 20186 39170 48511 83632 333 10296 20188 56299 59002 6029/ 555 00292 10043=",
"43272099999","2023-11-06T03:00:00","4","13.2","78.0666666","857.0","CHINTAMANI, IN","FM-12","99999","V020","140,1,N,0005,1","99999,9,9,N","002000,1,9,9","+0230,1","+0215,1","99999,9","24,0330,3,1",,"03,1,+00800,1,07,1","99,9,+99999,9,03,1","99,9,+99999,9,00,1","9,AGL   ,+99999,+99999","07,99,1,03,1,99,9,00800,1,99,9,99,9","240,M,+0291,1","240,N,+0208,1","99999,9,09193,1",,"3,1535,9","SYN09843272 22595 71401 10230 20215 39193 48535 83742 333 10291 20208 56299 58023 6033/ 555 00334 10076=",
"43272099999","2023-11-07T03:00:00","4","13.2","78.0666666","857.0","CHINTAMANI, IN","FM-12","99999","V020","999,9,C,0000,1","99999,9,9,N","002000,1,9,9","+0216,1","+0201,1","99999,9","24,0360,3,1",,"03,1,+00800,1,07,1","99,9,+99999,9,03,1","99,9,+99999,9,00,1","9,AGL   ,+99999,+99999","07,99,1,03,1,99,9,00800,1,99,9,99,9","240,M,+0273,1","240,N,+0198,1","99999,9,09189,1",,"3,1529,9","SYN09843272 22595 72300 10216 20201 39189 48529 83742 333 10273 20198 56299 59004 6036/ 555 00364 10112=",
"43272099999","2023-11-08T03:00:00","4","13.2","78.0666666","857.0","CHINTAMANI, IN","FM-12","99999","V020","999,9,C,0000,1","99999,9,9,N","002000,1,9,9","+0220,1","+0205,1","99999,9","24,0000,9,1",,"03,1,+00800,1,08,1","99,9,+99999,9,03,1","99,9,+99999,9,00,1","9,AGL   ,+99999,+99999","06,99,1,03,1,99,9,00800,1,99,9,99,9","240,M,+0271,1","240,N,+0211,1","99999,9,09188,1",,"3,1528,9","SYN09243272 22595 61400 10220 20205 39188 48528 83262 333 10271 20211 56299 59001 6990/ 555 10112=","Q01  00002PRCP24"
"43272099999","2023-11-10T03:00:00","4","13.2","78.0666666","857.0","CHINTAMANI, IN","FM-12","99999","V020","140,1,N,0010,1","99999,9,9,N","002000,1,9,9","+0220,1","+0199,1","99999,9",,,"03,1,+00800,1,07,1","99,9,+99999,9,03,1","99,9,+99999,9,00,1","9,AGL   ,+99999,+99999","06,99,1,03,1,99,9,00800,1,99,9,99,9","240,M,+0220,1","240,N,+0199,1","99999,9,09209,1",,"3,1547,9","SYN08643272 32595 61402 10220 20199 39209 48547 83632 333 10220 20199 56299 58021 555 10112=",
"43272099999","2023-11-11T03:00:00","4","13.2","78.0666666","857.0","CHINTAMANI, IN","FM-12","99999","V020","999,9,C,0000,1","99999,9,9,N","010000,1,9,9","+0214,1","+0170,1","99999,9",,,,,,,,"240,M,+0293,1","240,N,+0155,1","99999,9,09201,1","9,9,999,9,-008,1","3,1539,9","SYN08043272 32997 00500 10214 20170 39201 48539 8//// 333 10293 20155 59008 555 10112=",
"43272099999","2023-11-12T03:00:00","4","13.2","78.0666666","857.0","CHINTAMANI, IN","FM-12","99999","V020","999,9,C,0000,1","99999,9,9,N","010000,1,9,9","+0212,1","+0161,1","99999,9",,,,,,,,"240,M,+0297,1","240,N,+0150,1","99999,9,09199,1","9,9,999,9,-002,1","3,1539,9","SYN08043272 32997 00500 10212 20161 39199 48539 8//// 333 10297 20150 59002 555 10112=",
"43272099999","2023-11-13T03:00:00","4","13.2","78.0666666","857.0","CHINTAMANI, IN","FM-12","99999","V020","050,1,N,0005,1","99999,9,9,N","010000,1,9,9","+0210,1","+0155,1","99999,9",,,,,,,,"240,M,+0291,1","240,N,+0143,1","99999,9,09197,1","9,9,999,9,-002,1","3,1534,9","SYN08043272 32997 00501 10210 20155 39197 48534 8//// 333 10291 20143 59002 555 10112=",
"43272099999","2023-11-14T03:00:00","4","13.2","78.0666666","857.0","CHINTAMANI, IN","FM-12","99999","V020","050,1,N,0005,1","99999,9,9,N","010000,1,9,9","+0206,1","+0147,1","99999,9",,,,,,,,"240,M,+0301,1","240,N,+0145,1","99999,9,09199,1","9,9,999,9,+002,1","3,1536,9","SYN08043272 32997 00501 10206 20147 39199 48536 8//// 333 10301 20145 58002 555 10112=",
"43272099999","2023-11-15T03:00:00","4","13.2","78.0666666","857.0","CHINTAMANI, IN","FM-12","99999","V020","050,1,N,0005,1","99999,9,9,N","002000,1,9,9","+0208,1","+0190,1","99999,9","24,0000,9,1",,"03,1,+00800,1,07,1","99,9,+99999,9,03,1","99,9,+99999,9,00,1","9,AGL   ,+99999,+99999","06,99,1,03,1,99,9,00800,1,99,9,99,9","240,M,+0301,1","240,N,+0180,1","99999,9,09186,1",,"3,1523,9","SYN09243272 22595 60501 10208 20190 39186 48523 83632 333 10301 20180 56299 59013 6990/ 555 10112=","Q01  00002PRCP24"
"43272099999","2023-11-16T03:00:00","4","13.2","78.0666666","857.0","CHINTAMANI, IN","FM-12","99999","V020","050,1,N,0005,1","99999,9,9,N","010000,1,9,9","+0216,1","+0162,1","99999,9",,,,,,,,"240,M,+0273,1","240,N,+0191,1","99999,9,09191,1","9,9,999,9,+005,1","3,1531,9","SYN08043272 32997 00501 10216 20162 39191 48531 8//// 333 10273 20191 58005 555 10112=",
"43272099999","2023-11-17T03:00:00","4","13.2","78.0666666","857.0","CHINTAMANI, IN","FM-12","99999","V020","999,9,C,0000,1","99999,9,9,N","010000,1,9,9","+0224,1","+0194,1","99999,9",,,,,,,,"240,M,+0301,1","240,N,+0198,1","99999,9,09193,1","9,9,999,9,+002,1","3,1535,9","SYN08043272 32997 01400 10224 20194 39193 48535 8//// 333 10301 20198 58002 555 10112=",
"43272099999","2023-11-18T03:00:00","4","13.2","78.0666666","857.0","CHINTAMANI, IN","FM-12","99999","V020","140,1,N,0005,1","99999,9,9,N","010000,1,9,9","+0228,1","+0195,1","99999,9",,,,,,,,"240,M,+0296,1","240,N,+0198,1","99999,9,09188,1","9,9,999,9,-005,1","3,1530,9","SYN08043272 32997 01401 10228 20195 39188 48530 8//// 333 10296 20198 59005 555 10112=",
"43272099999","2023-11-20T03:00:00","4","13.2","78.0666666","857.0","CHINTAMANI, IN","FM-12","99999","V020","050,1,N,0005,1","99999,9,9,N","010000,1,9,9","+0198,1","+0170,1","99999,9",,,,,,,,"240,M,+0303,1","240,N,+0157,1","99999,9,09190,1","9,9,999,9,+000,1","3,1525,9","SYN08043272 32997 00501 10198 20170 39190 48525 8//// 333 10303 20157 58000 555 10112=",
"43272099999","2023-11-21T03:00:00","4","13.2","78.0666666","857.0","CHINTAMANI, IN","FM-12","99999","V020","320,1,N,0005,1","99999,9,9,N","002000,1,9,9","+0210,1","+0195,1","99999,9","24,0000,9,1",,"03,1,+00800,1,07,1","99,9,+99999,9,03,1","99,9,+99999,9,00,1","9,AGL   ,+99999,+99999","07,99,1,03,1,99,9,00800,1,99,9,99,9","240,M,+0286,1","240,N,+0190,1","99999,9,09179,1",,"3,1517,9","SYN09243272 22595 73201 10210 20195 39179 48517 83742 333 10286 20190 56299 59011 6990/ 555 10112=","Q01  00002PRCP24"
"43272099999","2023-11-22T03:00:00","4","13.2","78.0666666","857.0","CHINTAMANI, IN","FM-12","99999","V020","050,1,N,0005,1","99999,9,9,N","002000,1,9,9","+0214,1","+0196,1","99999,9","24,0000,9,1",,"03,1,+00800,1,07,1","99,9,+99999,9,03,1","99,9,+99999,9,00,1","9,AGL   ,+99999,+99999","07,99,1,03,1,99,9,00800,1,99,9,99,9","240,M,+0283,1","240,N,+0178,1","99999,9,09170,1",,"3,1511,9","SYN09243272 22595 70501 10214 20196 39170 48511 83742 333 10283 20178 56299 59009 6990/ 555 10112=","Q01  00002PRCP24"
"43272099999","2023-11-23T03:00:00","4","13.2","78.0666666","857.0","CHINTAMANI, IN","FM-12","99999","V020","050,1,N,0005,1","99999,9,9,N","002000,1,9,9","+0228,1","+0213,1","99999,9","24,0020,3,1",,"03,1,+00800,1,07,1","99,9,+99999,9,03,1","99,9,+99999,9,00,1","9,AGL   ,+99999,+99999","07,99,1,03,1,99,9,00800,1,99,9,99,9","240,M,+0228,1","240,N,+0213,1","99999,9,09168,1",,"3,1511,9","SYN09843272 22595 70501 10228 20213 39168 48511 83742 333 10228 20213 56299 59002 6002/ 555 00016 10114=",
"43272099999","2023-11-24T03:00:00","4","13.2","78.0666666","857.0","CHINTAMANI, IN","FM-12","99999","V020","140,1,N,0005,1","99999,9,9,N","002000,1,9,9","+0224,1","+0200,1","99999,9","24,0030,3,1",,"03,1,+00800,1,07,1","99,9,+99999,9,03,1","99,9,+99999,9,00,1","9,AGL   ,+99999,+99999","07,99,1,03,1,99,9,00800,1,99,9,99,9","240,M,+0271,1","240,N,+0201,1","99999,9,09179,1",,"3,1522,9","SYN09843272 22595 71401 10224 20200 39179 48522 83742 333 10271 20201 56299 58011 6003/ 555 00034 10117=",
"43272099999","2023-11-25T03:00:00","4","13.2","78.0666666","857.0","CHINTAMANI, IN","FM-12","99999","V020","140,1,N,0005,1","99999,9,9,N","002000,1,9,9","+0216,1","+0198,1","99999,9","24,0000,9,1",,"03,1,+00800,1,07,1","99,9,+99999,9,03,1","99,9,+99999,9,00,1","9,AGL   ,+99999,+99999","06,99,1,03,1,99,9,00800,1,99,9,99,9","240,M,+0293,1","240,N,+0203,1","99999,9,09189,1",,"3,1529,9","SYN09243272 22595 61401 10216 20198 39189 48529 83632 333 10293 20203 56299 58010 6990/ 555 10117=","Q01  00002PRCP24"
"43272099999","2023-11-26T03:00:00","4","13.2","78.0666666","857.0","CHINTAMANI, IN","FM-12","99999","V020","140,1,N,0005,1","99999,9,9,N","002000,1,9,9","+0210,1","+0195,1","99999,9","24,0000,9,1",,"03,1,+00800,1,07,1","99,9,+99999,9,03,1","99,9,+99999,9,00,1","9,AGL   ,+99999,+99999","06,99,1,03,1,99,9,00800,1,99,9,99,9","240,M,+0291,1","240,N,+0198,1","99999,9,09184,1",,"3,1521,9","SYN09243272 22595 61401 10210 20195 39184 48521 83632 333 10291 20198 56299 59005 6990/ 555 10117=","Q01  00002PRCP24"
"43272099999","2023-11-28T03:00:00","4","13.2","78.0666666","857.0","CHINTAMANI, IN","FM-12","99999","V020","999,9,C,0000,1","99999,9,9,N","002000,1,9,9","+0206,1","+0197,1","99999,9","24,0010,3,1",,"03,1,+00800,1,07,1","99,9,+99999,9,03,1","99,9,+99999,9,00,1","9,AGL   ,+99999,+99999","07,99,1,03,1,99,9,00800,1,99,9,99,9","240,M,+0269,1","240,N,+0195,1","99999,9,09176,1",,"3,1514,9","SYN09843272 22595 71400 10206 20197 39176 48514 83742 333 10269 20195 56299 59015 6001/ 555 00008 10119=",
"43272099999","2023-11-29T03:00:00","4","13.2","78.0666666","857.0","CHINTAMANI, IN","FM-12","99999","V020","999,9,C,0000,1","99999,9,9,N","002000,1,9,9","+0226,1","+0186,1","99999,9",,,"03,1,+00800,1,07,1","99,9,+99999,9,03,1","99,9,+99999,9,00,1","9,AGL   ,+99999,+99999","06,99,1,03,1,99,9,00800,1,99,9,99,9","240,M,+0291,1","240,N,+0197,1","99999,9,09180,1",,"3,1523,9","SYN08643272 32595 60500 10226 20186 39180 48523 83632 333 10291 20197 56299 58004 555 10119=",
"43272099999","2023-11-30T03:00:00","4","13.2","78.0666666","857.0","CHINTAMANI, IN","FM-12","99999","V020","140,1,N,0005,1","99999,9,9,N","002000,1,9,9","+0230,1","+0191,1","99999,9","24,0020,3,1",,"03,1,+00800,1,07,1","99,9,+99999,9,03,1","99,9,+99999,9,00,1","9,AGL   ,+99999,+99999","06,99,1,03,1,99,9,00800,1,99,9,99,9","240,M,+0276,1","240,N,+0203,1","99999,9,09185,1",,"3,1527,9","SYN09843272 22595 61401 10230 20191 39185 48527 83632 333 10276 20203 56299 58005 6002/ 555 00016 10121=",
"43272099999","2023-12-01T03:00:00","4","13.2","78.0666666","857.0","CHINTAMANI, IN","FM-12","99999","V020","140,1,N,0005,1","99999,9,9,N","002000,1,9,9","+0216,1","+0195,1","99999,9",,,"03,1,+00800,1,07,1","99,9,+99999,9,03,1","99,9,+99999,9,00,1","9,AGL   ,+99999,+99999","06,99,1,03,1,99,9,00800,1,99,9,99,9","240,M,+0286,1","240,N,+0171,1","99999,9,09181,1",,"3,1521,9","SYN08643272 32595 61401 10216 20195 39181 48521 83632 333 10286 20171 56299 58004 555 10121=",
"43272099999","2023-12-02T03:00:00","4","13.2","78.0666666","857.0","CHINTAMANI, IN","FM-12","99999","V020","999,9,C,0000,1","99999,9,9,N","002000,1,9,9","+0194,1","+0188,1","99999,9","24,0010,3,1",,"03,1,+00800,1,07,1","99,9,+99999,9,03,1","99,9,+99999,9,00,1","9,AGL   ,+99999,+99999","07,99,1,03,1,99,9,00800,1,99,9,99,9","240,M,+0271,1","240,N,+0180,1","99999,9,09172,1",,"3,1508,9","SYN09843272 22595 71400 10194 20188 39172 48508 83742 333 10271 20180 56299 59009 6001/ 555 00010 10122=",
"43272099999","2023-12-03T03:00:00","4","13.2","78.0666666","857.0","CHINTAMANI, IN","FM-12","99999","V020","140,1,N,0005,1","99999,9,9,N","002000,1,9,9","+0190,1","+0184,1","99999,9","24,0000,9,1",,"03,1,+00800,1,07,1","99,9,+99999,9,03,1","99,9,+99999,9,00,1","9,AGL   ,+99999,+99999","07,99,1,03,1,99,9,00800,1,99,9,99,9","240,M,+0271,1",,"99999,9,09177,1",,"3,1512,9","SYN09243272 22595 71401 10190 20184 39177 48512 83742 333 10271 20203 56299 58005 6990/ 555 10122=","Q01  00002PRCP24"
"43272099999","2023-12-05T03:00:00","4","13.2","78.0666666","857.0","CHINTAMANI, IN","FM-12","99999","V020","230,1,N,0026,1","99999,9,9,N","002000,1,9,9","+0216,1","+0188,1","99999,9","24,0010,3,1",,"03,1,+00800,1,07,1","99,9,+99999,9,03,1","99,9,+99999,9,00,1","9,AGL   ,+99999,+99999","08,99,1,03,1,99,9,00800,1,99,9,99,9","240,M,+0216,1","240,N,+0197,1","99999,9,09142,1",,"3,1480,9","SYN09843272 22595 82305 10216 20188 39142 48480 83742 333 10216 20197 56999 59010 6001/ 555 00010 10126=",
"43272099999","2023-12-06T03:00:00","4","13.2","78.0666666","857.0","CHINTAMANI, IN","FM-12","99999","V020","999,9,C,0000,1","99999,9,9,N","002000,1,9,9","+0210,1","+0201,1","99999,9",,,"03,1,+00800,1,07,1","99,9,+99999,9,03,1","99,9,+99999,9,00,1","9,AGL   ,+99999,+99999","06,99,1,03,1,99,9,00800,1,99,9,99,9","240,M,+0257,1","240,N,+0168,1","99999,9,09167,1",,"3,1506,9","SYN08643272 32595 63200 10210 20201 39167 48506 83632 333 10257 20168 56299 58025 555 10126=",
"43272099999","2023-12-07T03:00:00","4","13.2","78.0666666","857.0","CHINTAMANI, IN","FM-12","99999","V020","999,9,C,0000,1","99999,9,9,N","002000,1,9,9","+0224,1","+0209,1","99999,9","24,0230,3,1",,"03,1,+00800,1,07,1","99,9,+99999,9,03,1","99,9,+99999,9,00,1","9,AGL   ,+99999,+99999","08,99,1,03,1,99,9,00800,1,99,9,99,9","240,M,+0281,1","240,N,+0203,1","99999,9,09169,1",,"3,1512,9","SYN09843272 22595 80500 10224 20209 39169 48512 83742 333 10281 20203 56499 58002 6023/ 555 00232 10149=",
"43272099999","2023-12-08T03:00:00","4","13.2","78.0666666","857.0","CHINTAMANI, IN","FM-12","99999","V020","999,9,C,0000,1","99999,9,9,N","002000,1,9,9","+0218,1","+0200,1","99999,9",,,"03,1,+00800,1,07,1","99,9,+99999,9,03,1","99,9,+99999,9,00,1","9,AGL   ,+99999,+99999","07,99,1,03,1,99,9,00800,1,99,9,99,9","240,M,+0291,1","240,N,+0208,1","99999,9,09179,1",,"3,1520,9","SYN08643272 32595 70500 10218 20200 39179 48520 83742 333 10291 20208 56299 58010 555 10149=",
"43272099999","2023-12-09T03:00:00","4","13.2","78.0666666","857.0","CHINTAMANI, IN","FM-12","99999","V020","999,9,C,0000,1","99999,9,9,N","002000,1,9,9","+0212,1","+0197,1","99999,9",,,"03,1,+00800,1,07,1","99,9,+99999,9,03,1","99,9,+99999,9,00,1","9,AGL   ,+99999,+99999","08,99,1,03,1,99,9,00800,1,99,9,99,9","240,M,+0281,1","240,N,+0203,1","99999,9,09199,1",,"3,1539,9","SYN08643272 32595 81400 10212 20197 39199 48539 83742 333 10281 20203 56999 58020 555 10149=",
"43272099999","2023-12-10T03:00:00","4","13.2","78.0666666","857.0","CHINTAMANI, IN","FM-12","99999","V020","999,9,C,0000,1","99999,9,9,N","010000,1,9,9","+0210,1","+0192,1","99999,9",,,,,,,,"240,M,+0276,1","240,N,+0203,1","99999,9,09200,1","9,9,999,9,+001,1","3,1537,9","SYN08043272 32997 01400 10210 20192 39200 48537 8//// 333 10276 20203 58001 555 10149=",
"43272099999","2023-12-11T03:00:00","4","13.2","78.0666666","857.0","CHINTAMANI, IN","FM-12","99999","V020","140,1,N,0005,1","99999,9,9,N","010000,1,9,9","+0206,1","+0165,1","99999,9",,,,,,,,"240,M,+0286,1","240,N,+0179,1","99999,9,09191,1","9,9,999,9,-009,1","3,1528,9","SYN08043272 32/97 01401 10206 20165 39191 48528 8//// 333 10286 20179 59009 555 10149=",
"43272099999","2023-12-12T03:00:00","4","13.2","78.0666666","857.0","CHINTAMANI, IN","FM-12","99999","V020","999,9,C,0000,1","99999,9,9,N","010000,1,9,9","+0196,1","+0171,1","99999,9",,,,,,,,"240,M,+0277,1","240,N,+0175,1","99999,9,09181,1","9,9,999,9,-010,1","3,1516,9","SYN08043272 32997 01400 10196 20171 39181 48516 8//// 333 10277 20175 59010 555 10149=",
"43272099999","2023-12-14T03:00:00","4","13.2","78.0666666","857.0","CHINTAMANI, IN","FM-12","99999","V020","999,9,C,0000,1","99999,9,9,N","002000,1,9,9","+0180,1","+0158,1","99999,9",,,"03,1,+00800,1,07,1","99,9,+99999,9,03,1","99,9,+99999,9,00,1","9,AGL   ,+99999,+99999","06,99,1,03,1,99,9,00800,1,99,9,99,9","240,M,+0190,1","240,N,+0158,1","99999,9,09199,1",,"3,1532,9","SYN08643272 32595 60900 10180 20158 39199 48532 83632 333 10190 20158 56299 58003 555 10149=",
"43272099999","2023-12-15T03:00:00","4","13.2","78.0666666","857.0","CHINTAMANI, IN","FM-12","99999","V020","999,9,C,0000,1","99999,9,9,N","010000,1,9,9","+0176,1","+0170,1","99999,9",,,,,,,,"240,M,+0272,1","240,N,+0153,1","99999,9,09204,1","9,9,999,9,+005,1","3,1533,9","SYN08043272 32997 01400 10176 20170 39204 48533 8//// 333 10272 20153 58005 555 10149=",
"43272099999","2023-12-16T03:00:00","4","13.2","78.0666666","857.0","CHINTAMANI, IN","FM-12","99999","V020","090,1,N,0005,1","99999,9,9,N","002000,1,9,9","+0202,1","+0193,1","99999,9","00,0009,3,1",,"03,1,+00800,1,07,1","99,9,+99999,9,03,1","99,9,+99999,9,00,1","9,AGL   ,+99999,+99999","08,99,1,03,1,99,9,00800,1,99,9,99,9","240,M,+0253,1","240,N,+0191,1","99999,9,09192,1",,"3,1529,9","SYN09243272 22595 80901 10202 20193 39192 48529 83742 333 10253 20191 56999 59012 69990 555 10149=",
"43272099999","2023-12-18T03:00:00","4","13.2","78.0666666","857.0","CHINTAMANI, IN","FM-12","99999","V020","050,1,N,0005,1","99999,9,9,N","002000,1,9,9","+0192,1","+0181,1","99999,9",,,"03,1,+00800,1,07,1","99,9,+99999,9,03,1","99,9,+99999,9,00,1","9,AGL   ,+99999,+99999","08,99,1,03,1,99,9,00800,1,99,9,99,9","240,M,+0271,1","240,N,+0178,1","99999,9,09187,1",,"3,1520,9","SYN08643272 32595 80501 10192 20181 39187 48520 83742 333 10271 20178 56999 59006 555 10149=",
"43272099999","2023-12-19T03:00:00","4","13.2","78.0666666","857.0","CHINTAMANI, IN","FM-12","99999","V020","999,9,C,0000,1","99999,9,9,N","002000,1,9,9","+0180,1","+0164,1","99999,9",,,"03,1,+00800,1,07,1","99,9,+99999,9,03,1","99,9,+99999,9,00,1","9,AGL   ,+99999,+99999","08,99,1,03,1,99,9,00800,1,99,9,99,9","240,M,+0256,1","240,N,+0158,1","99999,9,09203,1",,"3,1532,9","SYN08643272 32595 80900 10180 20164 39203 48532 83642 333 10256 20158 56999 58016 555 10149=",
"43272099999","2023-12-20T03:00:00","4","13.2","78.0666666","857.0","CHINTAMANI, IN","FM-12","99999","V020","999,9,C,0000,1","99999,9,9,N","010000,1,9,9","+0194,1","+0162,1","99999,9",,,,,,,,"240,M,+0276,1","240,N,+0159,1","99999,9,09203,1","9,9,999,9,+000,1","3,1532,9","SYN08043272 32997 01400 10194 20162 39203 48532 8//// 333 10276 20159 58000 555 10149=",
"43272099999","2023-12-21T03:00:00","4","13.2","78.0666666","857.0","CHINTAMANI, IN","FM-12","99999","V020","999,9,C,0000,1","99999,9,9,N","002000,1,9,9","+0184,1","+0171,1","99999,9",,,"03,1,+00800,1,07,1","99,9,+99999,9,03,1","99,9,+99999,9,00,1","9,AGL   ,+99999,+99999","08,99,1,03,1,99,9,00800,1,99,9,99,9","240,M,+0279,1","240,N,+0153,1","99999,9,09202,1",,"3,1534,9","SYN08643272 32595 80500 10184 20171 39202 48534 83642 333 10279 20153 56999 59001 555 10149=",
"43272099999","2023-12-22T03:00:00","4","13.2","78.0666666","857.0","CHINTAMANI, IN","FM-12","99999","V020","999,9,C,0000,1","99999,9,9,N","002000,1,9,9","+0194,1","+0175,1","99999,9",,,"03,1,+00800,1,07,1","99,9,+99999,9,03,1","99,9,+99999,9,00,1","9,AGL   ,+99999,+99999","08,99,1,03,1,99,9,00800,1,99,9,99,9","240,M,+0281,1","240,N,+0164,1","99999,9,09201,1",,"3,1535,9","SYN08643272 32595 81400 10194 20175 39201 48535 83742 333 10281 20164 56999 59001 555 10149=",
"43272099999","2023-12-24T03:00:00","4","13.2","78.0666666","857.0","CHINTAMANI, IN","FM-12","99999","V020","999,9,C,0000,1","99999,9,9,N","010000,1,9,9","+0154,1","+0144,1","99999,9",,,,,,,,"240,M,+0286,1","240,N,+0147,1","99999,9,09203,1","9,9,999,9,+000,1","3,1520,9","SYN08043272 32997 00500 10154 20144 39203 48520 8//// 333 10286 20147 58000 555 10149=",
"43272099999","2023-12-27T03:00:00","4","13.2","78.0666666","857.0","CHINTAMANI, IN","FM-12","99999","V020","999,9,C,0000,1","99999,9,9,N","010000,1,9,9","+9999,9","+0153,1","99999,9",,,,,,,,"240,M,+0291,1","240,N,+0128,1","99999,9,09233,1","9,9,999,9,+018,1","3,1555,9","SYN08043272 32997 01400 10960 20153 39233 48555 8//// 333 10291 20128 58018 555 10149=",
"43272099999","2023-12-30T03:00:00","4","13.2","78.0666666","857.0","CHINTAMANI, IN","FM-12","99999","V020","140,1,N,0005,1","99999,9,9,N","002000,1,9,9","+0188,1","+0175,1","99999,9",,,"03,1,+00800,1,07,1","99,9,+99999,9,03,1","99,9,+99999,9,00,1","9,AGL   ,+99999,+99999","06,99,1,03,1,99,9,00800,1,99,9,99,9","240,M,+0288,1","240,N,+0168,1","99999,9,09206,1",,"3,1538,9","SYN08643272 32595 61401 10188 20175 39206 48538 83632 333 10288 20168 56299 59006 555 10149=",
"43272099999","2023-12-31T03:00:00","4","13.2","78.0666666","857.0","CHINTAMANI, IN","FM-12","99999","V020","140,1,N,0010,1","99999,9,9,N","055000,1,9,9","+0126,1","+9999,9","99999,9",,,"03,1,+00800,1,07,1","99,9,+99999,9,03,1","99,9,+99999,9,00,1","9,AGL   ,+99999,+99999","07,99,1,03,1,99,9,00800,1,99,9,99,9","240,M,+0286,1",,"99999,9,09204,1",,"3,1536,9","SYN08643272 32585 71402 10126 20170 39204 48536 83642 333 10286 20164 56299 59002 555 10149=",
